-- MySQL dump 10.13  Distrib 8.0.28, for Win64 (x86_64)
--
-- Host: 127.0.0.1    Database: vision_schema
-- ------------------------------------------------------
-- Server version	8.0.28

/*!40101 SET @OLD_CHARACTER_SET_CLIENT=@@CHARACTER_SET_CLIENT */;
/*!40101 SET @OLD_CHARACTER_SET_RESULTS=@@CHARACTER_SET_RESULTS */;
/*!40101 SET @OLD_COLLATION_CONNECTION=@@COLLATION_CONNECTION */;
/*!50503 SET NAMES utf8 */;
/*!40103 SET @OLD_TIME_ZONE=@@TIME_ZONE */;
/*!40103 SET TIME_ZONE='+00:00' */;
/*!40014 SET @OLD_UNIQUE_CHECKS=@@UNIQUE_CHECKS, UNIQUE_CHECKS=0 */;
/*!40014 SET @OLD_FOREIGN_KEY_CHECKS=@@FOREIGN_KEY_CHECKS, FOREIGN_KEY_CHECKS=0 */;
/*!40101 SET @OLD_SQL_MODE=@@SQL_MODE, SQL_MODE='NO_AUTO_VALUE_ON_ZERO' */;
/*!40111 SET @OLD_SQL_NOTES=@@SQL_NOTES, SQL_NOTES=0 */;

--
-- Table structure for table `admin`
--

DROP TABLE IF EXISTS `admin`;
/*!40101 SET @saved_cs_client     = @@character_set_client */;
/*!50503 SET character_set_client = utf8mb4 */;
CREATE TABLE `admin` (
  `username` varchar(45) NOT NULL,
  `password` varchar(45) NOT NULL,
  PRIMARY KEY (`username`)
) ENGINE=InnoDB DEFAULT CHARSET=utf8mb4 COLLATE=utf8mb4_0900_ai_ci;
/*!40101 SET character_set_client = @saved_cs_client */;

--
-- Dumping data for table `admin`
--

LOCK TABLES `admin` WRITE;
/*!40000 ALTER TABLE `admin` DISABLE KEYS */;
INSERT INTO `admin` VALUES ('Adrian','YxP4cAg'),('Arley','ACxQQKuMg'),('Charlena','3QcZ8yW4uqK'),('Conrado','3MRVo6'),('Donnell','SXQ2ofzsz89R'),('Eziechiele','kAmOaa5tIzf'),('Jenica','I3d4AaMpbB'),('Mirabelle','fZkhfmCb'),('Philip','0x4ll5bG9Mn'),('Rona','zOjaZdALk2');
/*!40000 ALTER TABLE `admin` ENABLE KEYS */;
UNLOCK TABLES;

--
-- Table structure for table `category`
--

DROP TABLE IF EXISTS `category`;
/*!40101 SET @saved_cs_client     = @@character_set_client */;
/*!50503 SET character_set_client = utf8mb4 */;
CREATE TABLE `category` (
  `category_id` int NOT NULL AUTO_INCREMENT,
  `catName` varchar(45) NOT NULL,
  `catDescription` varchar(400) DEFAULT NULL,
  PRIMARY KEY (`category_id`),
  UNIQUE KEY `category_id_UNIQUE` (`category_id`),
  UNIQUE KEY `cat_name_UNIQUE` (`catName`)
) ENGINE=InnoDB AUTO_INCREMENT=912 DEFAULT CHARSET=utf8mb4 COLLATE=utf8mb4_0900_ai_ci;
/*!40101 SET character_set_client = @saved_cs_client */;

--
-- Dumping data for table `category`
--

LOCK TABLES `category` WRITE;
/*!40000 ALTER TABLE `category` DISABLE KEYS */;
INSERT INTO `category` VALUES (211,'Contact Lenses','Contact lens is a thin, curved lens placed on the film of tears that covers the surface of your eye. '),(511,'Sunglasses','Sunglasses are a form of protective eyewear designed primarily to prevent bright sunlight and high-energy visible light from damaging or discomforting the eyes.'),(911,'Eyeglasses','Eyeglasses, also called glasses or spectacles, lenses set in frames for wearing in front of the eyes to aid vision or to correct such defects of vision as myopia, hyperopia, and astigmatism. ');
/*!40000 ALTER TABLE `category` ENABLE KEYS */;
UNLOCK TABLES;

--
-- Table structure for table `customers`
--

DROP TABLE IF EXISTS `customers`;
/*!40101 SET @saved_cs_client     = @@character_set_client */;
/*!50503 SET character_set_client = utf8mb4 */;
CREATE TABLE `customers` (
  `cust_id` int NOT NULL AUTO_INCREMENT,
  `customerName` varchar(45) NOT NULL,
  `customerPhone` varchar(45) NOT NULL,
  `customerEmail` varchar(45) NOT NULL,
  `customerStreetAddress` varchar(65) NOT NULL,
  `customerCity` varchar(45) NOT NULL,
  `customerZipcode` varchar(45) NOT NULL,
  PRIMARY KEY (`cust_id`),
  UNIQUE KEY `cust_id_UNIQUE` (`cust_id`)
) ENGINE=InnoDB AUTO_INCREMENT=12417930 DEFAULT CHARSET=utf8mb4 COLLATE=utf8mb4_0900_ai_ci;
/*!40101 SET character_set_client = @saved_cs_client */;

--
-- Dumping data for table `customers`
--

LOCK TABLES `customers` WRITE;
/*!40000 ALTER TABLE `customers` DISABLE KEYS */;
INSERT INTO `customers` VALUES (593411,'Chandler Fulton','(320) 164-2558','nunc.nulla.vulputate@outlook.ca','2912 Eget, Road','Richmond','87667'),(818195,'Oscar Callahan','(819) 280-6980','suspendisse@protonmail.com','Ap #488-419 Consectetuer Street','Knoxville','74853'),(819721,'Alexis Stanton','(826) 618-1862','ipsum.curabitur@outlook.couk','2856 Vitae, Rd.','Tacoma','83615'),(831271,'Jayme William','(468) 374-4384','at.arcu@icloud.ca','481-4579 Parturient Av.','Lincoln','83285'),(844249,'Adrienne Pace','(740) 354-4342','scelerisque.lorem.ipsum@protonmail.ca','P.O. Box 461, 4311 Dictum Street','Erie','47122'),(860990,'Leandra Landry','(528) 192-8165','vel.convallis@hotmail.org','Ap #906-6027 Amet Street','Meridian','99397'),(1052163,'Vernon Mitchell','(520) 274-1229','vitae@icloud.couk','Ap #275-6991 Eget Av.','Madison','53467'),(1059135,'Dora Sharpe','(116) 862-5586','eu.metus.in@outlook.net','Ap #222-8973 Porta Road','Racine','79061'),(4172693,'Lydia Adams','(808) 170-8735','ridiculus.mus@hotmail.net','7190 Odio Avenue','Cincinnati','56120'),(4228777,'Karen Sweeney','(490) 711-5203','non.vestibulum@aol.com','618-4065 Molestie Rd.','Joliet','92851'),(4291119,'Isabella Shannon','(365) 633-8747','senectus.et@icloud.edu','Ap #449-4331 Vulputate, Ave','Tuscaloosa','38931'),(4306642,'Eleanor Sharpe','(361) 589-7180','ut.nulla@outlook.org','938-9197 Consequat St.','Nampa','62761'),(4327911,'Yolanda Brady','(497) 783-3652','in.dolor.fusce@yahoo.edu','Ap #555-8764 Rutrum St.','Jackson','68327'),(4690133,'Blossom Weaver','(526) 161-3648','ac.risus@google.com','494-411 Ligula. Rd.','Owensboro','25315'),(4713723,'Brett Pate','(640) 377-0224','aliquet.sem@hotmail.com','P.O. Box 241, 7010 Nulla. Av.','Bloomington','77743'),(4754393,'Thor O\'Neill','(664) 441-2666','sed.neque.sed@yahoo.edu','P.O. Box 118, 1364 Pharetra Street','Columbus','78151'),(4815027,'Marvin Malone','(265) 635-8748','orci.adipiscing@protonmail.org','5345 Ultricies Avenue','Jefferson City','24147'),(4835963,'Cleo Rodriguez','(374) 334-8505','vel.pede@google.com','P.O. Box 539, 7330 A Av.','Bellevue','93827'),(4935693,'Aaron Murray','(176) 354-3351','lorem.ipsum@protonmail.net','Ap #870-1698 Nulla Road','Bloomington','28026'),(5012539,'Zena Shaffer','(574) 472-7672','donec.nibh@aol.net','271-8724 Orci, Rd.','Savannah','22114'),(5267955,'Garth Dudley','(369) 944-5323','suspendisse.dui.fusce@outlook.org','502-4393 Enim. Ave','Ketchikan','94673'),(5296431,'Hakeem Roman','(731) 251-3374','nunc.mauris@hotmail.ca','743-5108 Magnis Avenue','Lansing','30116'),(8015317,'Garth Peck','(396) 574-2233','elit.a@icloud.org','103-9593 Lacinia. Ave','Salem','26428'),(8209943,'Thane Ortega','(453) 575-1887','suspendisse.aliquet@outlook.ca','Ap #403-3220 Eu St.','Augusta','36868'),(8686965,'Cherokee Donaldson','(251) 526-6964','placerat@google.com','461-7721 Dictum Rd.','Reading','26243'),(8768879,'Rama Flynn','(252) 704-7493','elit.pede.malesuada@icloud.org','333 Scelerisque St.','Louisville','56333'),(8904609,'Mikayla Holt','(728) 817-7645','nisi.cum.sociis@outlook.net','730 Curabitur Ave','Nashville','48839'),(9127153,'Alisa Sanders','(733) 193-0323','a.arcu@outlook.net','P.O. Box 312, 5960 Luctus St.','Missoula','27447'),(9312625,'Edan Mcclain','(435) 551-2212','id.nunc.interdum@aol.couk','Ap #179-4949 Sit Rd.','Butte','86930'),(9421181,'Kelly Shepherd','(342) 613-1736','aliquam@protonmail.org','Ap #994-4261 Neque St.','Tulsa','85535'),(9485175,'Josiah Snider','(234) 896-4172','massa.non.ante@yahoo.com','Ap #777-1909 Senectus Ave','Allentown','73358'),(9585247,'Ariana Key','(869) 673-4688','sed.eget.lacus@google.org','487-4768 Nullam Ave','Huntsville','38764'),(9798859,'Barbara Francis','(744) 229-3537','ut.semper@protonmail.couk','467-5030 Mollis Street','Savannah','55163'),(9920547,'Tad Hood','(663) 257-6345','ornare@yahoo.net','741-7368 Odio St.','New Haven','86663'),(9998695,'Cassidy Griffith','(624) 551-4647','ipsum.ac.mi@outlook.edu','348-6154 Eleifend Road','Atlanta','37345'),(10054681,'Kuame Deleon','(742) 963-2116','cursus.luctus@protonmail.couk','815-963 Nec Av.','Little Rock','71508'),(10055269,'Darryl Warner','(267) 661-0106','at.pretium.aliquet@protonmail.org','Ap #847-190 Felis Rd.','Springfield','12197'),(10083045,'Geoffrey Daniel','(867) 214-6772','elementum.sem@google.edu','290-3573 Pede. St.','Huntsville','82149'),(10176271,'Gay Dale','(366) 177-2693','volutpat.nulla@google.net','Ap #234-9218 Ac Ave','Columbus','22365'),(10189011,'Martin Wall','(628) 347-0460','elit.a@icloud.net','P.O. Box 803, 1939 A Rd.','Bangor','71273'),(10205839,'Gray Fields','(909) 654-8159','primis@outlook.couk','688-5572 Integer Av.','Reading','36207'),(10284169,'Keiko Weeks','(161) 402-0036','vehicula.et@aol.com','5470 Eu, Street','Baltimore','21536'),(10314675,'Alana Sanford','(686) 251-1326','luctus.vulputate@yahoo.edu','P.O. Box 412, 1328 Auctor. Av.','Kailua','46009'),(10373559,'Armand Beach','(418) 877-7875','non@protonmail.net','P.O. Box 165, 3270 Eu Rd.','Covington','22186'),(10387447,'Margaret Parrish','(565) 570-1023','ac@outlook.couk','Ap #337-8106 Ullamcorper. Av.','Baltimore','35081'),(10395444,'Hyacinth Caldwell','(729) 277-5771','nec.mollis.vitae@icloud.couk','Ap #608-6889 Vel Road','Casper','71712'),(10597419,'Porter Howard','(427) 416-5279','nunc.id@outlook.net','5528 Morbi Av.','Kaneohe','48331'),(10597671,'Erich Levine','(983) 406-1716','in.hendrerit@aol.org','Ap #330-5563 A Avenue','Portland','27708'),(10599729,'Stacy Vargas','(478) 932-1956','aliquam@hotmail.ca','Ap #572-6493 Tristique Av.','Bellevue','96412'),(10717273,'Dylan Barlow','(926) 936-6835','suscipit.est@hotmail.couk','Ap #773-163 Eget, Ave','Olathe','50871'),(10844015,'Chaney Goff','(178) 124-2208','semper.nam@protonmail.net','Ap #367-806 Cubilia St.','New Orleans','48184'),(10862663,'Byron Potter','(212) 879-6127','eleifend@yahoo.edu','Ap #811-6995 Quis Rd.','Portland','28206'),(10880401,'Jennifer Juarez','(685) 351-2805','interdum@outlook.ca','7805 Condimentum Ave','Boise','61784'),(10905489,'Steel Ashley','(468) 451-7531','risus@outlook.com','Ap #748-6929 Nec, Ave','Racine','75156'),(10906945,'Ethan Noel','(602) 825-3692','integer@icloud.ca','541-720 Fusce Avenue','Metairie','27896'),(10925873,'Fuller Guerrero','(486) 867-5042','orci.sem.eget@google.edu','3095 Aliquet Street','Burlington','75626'),(10991309,'Fatima Salazar','(517) 589-0368','enim.consequat@protonmail.couk','Ap #128-3815 Mauris Av.','Newark','11142'),(11009271,'Melissa Neal','(838) 598-8516','auctor@aol.net','Ap #868-1405 Euismod St.','South Burlington','95864'),(11039245,'Timothy Jackson','(654) 213-0533','fermentum.arcu@icloud.org','8048 Quisque Ave','Sacramento','95460'),(11073237,'Gavin Cruz','(587) 986-8479','consequat.dolor.vitae@yahoo.org','769-9551 Turpis Rd.','Huntsville','44679'),(11076569,'Lydia Kent','(610) 409-3686','elit.sed@yahoo.org','8074 Morbi Street','Chattanooga','15713'),(11082519,'Coby Bradshaw','(638) 323-7476','tortor.at@google.ca','Ap #737-6515 Nam Rd.','Reading','84227'),(11084409,'Keely Stokes','(417) 609-9369','ipsum.cursus.vestibulum@aol.org','P.O. Box 141, 1428 Ut St.','Sandy','11441'),(11141669,'Kenyon Alvarez','(839) 667-1901','integer.tincidunt@outlook.ca','Ap #544-5370 Ante. Street','Oklahoma City','66563'),(11158301,'Martina Coleman','(421) 923-1282','mollis.vitae.posuere@google.com','Ap #580-8102 Viverra. St.','Mesa','77486'),(11158413,'Shoshana Olsen','(264) 968-5426','nisl.sem@yahoo.com','P.O. Box 475, 6573 Egestas Rd.','Fayetteville','75349'),(11214021,'Deanna Nieves','(121) 119-7116','ridiculus.mus.donec@google.ca','613-4283 Mollis. St.','Pike Creek','51754'),(11226271,'Ignacia Pollard','(724) 704-2213','magna.phasellus@hotmail.com','Ap #584-9354 Odio St.','Kailua','27767'),(11247145,'Ila Johnson','(261) 834-4364','amet.ornare.lectus@protonmail.org','238-3129 Vestibulum Av.','Cleveland','87184'),(11248447,'Kennan Cooper','(571) 859-3624','sed.congue.elit@aol.ca','396-9035 Ac Street','Pike Creek','52022'),(11320883,'Rachel Gardner','(478) 321-1835','vitae.posuere.at@hotmail.org','P.O. Box 643, 3076 Eget Ave','Austin','44434'),(11328737,'Halla Reeves','(859) 771-6413','pretium@protonmail.net','Ap #655-702 Odio Rd.','Worcester','44707'),(11344473,'Len Delgado','(135) 323-3638','libero@yahoo.com','Ap #779-1693 Augue Ave','Independence','61175'),(11350661,'Nicholas Pratt','(773) 819-3919','natoque@aol.couk','P.O. Box 296, 1391 Dolor. Rd.','Frankfort','30872'),(11351893,'Perry Wilkinson','(474) 402-2186','tristique.ac.eleifend@protonmail.org','P.O. Box 918, 1117 Libero. Avenue','Casper','18603'),(11380033,'Ulla Holmes','(641) 154-2332','quam.dignissim@google.com','Ap #706-7133 Quisque Street','Bellevue','99771'),(11413563,'Lucas Tate','(418) 452-8395','molestie.tellus.aenean@yahoo.com','Ap #199-3282 Habitant St.','Warren','76308'),(11474477,'Isaac Mosley','(654) 866-7564','arcu@yahoo.com','Ap #737-963 Class Ave','Tampa','37562'),(11489583,'Renee Townsend','(861) 883-4865','et.arcu@aol.net','817-5055 Massa. Road','Huntsville','16351'),(11622037,'Mark Haynes','(361) 132-8177','ligula@icloud.org','Ap #888-6469 Vulputate St.','Reno','22558'),(11769275,'Oleg Fuentes','(755) 591-8077','lobortis@aol.edu','2903 Mauris Street','Henderson','78425'),(11781455,'Erica Hardy','(323) 951-5113','non.feugiat@google.edu','612-236 Sagittis Ave','Aurora','77757'),(11884019,'Brent Morton','(896) 585-7526','erat.in.consectetuer@yahoo.org','Ap #915-4324 Molestie. Avenue','Pocatello','33238'),(11887183,'Lydia Santana','(522) 670-0215','sociis@yahoo.couk','7211 Dolor Road','Pike Creek','86524'),(11896087,'Malcolm Jenkins','(378) 714-1436','sociis@yahoo.org','515-5314 Tristique Av.','Laramie','28253'),(11958233,'Wylie Acosta','(377) 615-5796','penatibus.et@outlook.ca','P.O. Box 261, 155 Phasellus Ave','Dover','73745'),(12030263,'Xandra Whitley','(538) 181-8495','in.lobortis.tellus@google.ca','732-6632 Sed Rd.','Springfield','72784'),(12030403,'Rina Ellis','(723) 815-2338','aliquet.magna@hotmail.edu','Ap #729-6496 Aliquam Rd.','Jackson','31518'),(12049009,'Avram Bailey','(373) 327-4483','tincidunt.orci@aol.net','546-4255 Vehicula Ave','Meridian','40936'),(12086053,'Clio Hines','(715) 835-6170','lacinia.mattis.integer@yahoo.ca','Ap #780-6742 Nunc Ave','Orlando','93483'),(12150957,'Amber Klein','(757) 420-6482','ornare.sagittis@google.org','497-8094 At, Rd.','St. Petersburg','37856'),(12163949,'TaShya Benjamin','(955) 681-6658','blandit.congue.in@google.org','6959 Suscipit, Rd.','Flint','56346'),(12180511,'Hadley Mason','(272) 864-2773','ultricies.ligula@yahoo.net','172-5529 Tincidunt Road','Lakewood','58037'),(12216155,'Beck Valentine','(911) 728-6295','luctus@hotmail.org','7353 Eu, Avenue','Lincoln','84764'),(12270531,'Noah Pate','(473) 261-7166','nonummy.ipsum@outlook.org','P.O. Box 432, 7754 Quam St.','Annapolis','24243'),(12278147,'Edward Hendricks','(830) 851-0325','metus.vivamus.euismod@outlook.couk','P.O. Box 779, 1801 Tincidunt. St.','Birmingham','91648'),(12282545,'Vivien Shepherd','(815) 637-2747','porttitor.eros@google.edu','965-658 Arcu Av.','Boston','56619'),(12324641,'Flavia Odom','(555) 779-3102','scelerisque.mollis@aol.com','Ap #199-1751 Malesuada Road','Sacramento','81488'),(12389433,'Paul Dunlap','(466) 654-2640','risus@icloud.net','Ap #798-1495 Ac St.','Augusta','36570'),(12417929,'Colette Mosley','(685) 523-1562','donec.consectetuer@yahoo.net','Ap #860-2804 Vel Avenue','South Burlington','83533');
/*!40000 ALTER TABLE `customers` ENABLE KEYS */;
UNLOCK TABLES;

--
-- Table structure for table `orderdetails`
--

DROP TABLE IF EXISTS `orderdetails`;
/*!40101 SET @saved_cs_client     = @@character_set_client */;
/*!50503 SET character_set_client = utf8mb4 */;
CREATE TABLE `orderdetails` (
  `orderID` int NOT NULL,
  `prod_Id` int NOT NULL,
  `quantity` int NOT NULL,
  PRIMARY KEY (`orderID`,`prod_Id`),
  KEY `prod_Id_idx` (`prod_Id`),
  CONSTRAINT `orderID` FOREIGN KEY (`orderID`) REFERENCES `orders` (`order_id`),
  CONSTRAINT `prod_Id` FOREIGN KEY (`prod_Id`) REFERENCES `products` (`product_id`)
) ENGINE=InnoDB DEFAULT CHARSET=utf8mb4 COLLATE=utf8mb4_0900_ai_ci;
/*!40101 SET character_set_client = @saved_cs_client */;

--
-- Dumping data for table `orderdetails`
--

LOCK TABLES `orderdetails` WRITE;
/*!40000 ALTER TABLE `orderdetails` DISABLE KEYS */;
INSERT INTO `orderdetails` VALUES (232453,75827,4),(232453,6194478,5),(232453,32792042,4),(232453,37078285,4),(232453,41313598,2),(232453,46106748,1),(232453,49693345,4),(232453,52403341,5),(1791672,86003,1),(1791672,6259159,5),(1791672,32942036,4),(1791672,37145767,2),(1791672,41381269,5),(1791672,46130148,4),(1791672,49817430,4),(1791672,52784074,1),(2158944,232285,3),(2158944,6362696,4),(2158944,33028204,5),(2158944,37215955,4),(2158944,41475073,5),(2158944,46134461,3),(2158944,49860049,2),(2158944,52924977,4),(2301946,339429,2),(2301946,6531200,5),(2301946,33028936,3),(2301946,37356069,4),(2301946,41727481,2),(2301946,46167279,3),(2301946,49953830,4),(2301946,53035093,2),(2517555,458885,1),(2517555,6538172,5),(2517555,33109072,1),(2517555,37621862,2),(2517555,41771898,4),(2517555,46234841,3),(2517555,50041873,1),(2517555,53560311,4),(2724424,926270,3),(2724424,6568127,4),(2724424,33218001,2),(2724424,37674279,4),(2724424,41882886,4),(2724424,46264677,2),(2724424,50059355,5),(2724424,53610850,2),(3213693,1068944,4),(3213693,6687642,3),(3213693,33276794,1),(3213693,37720451,2),(3213693,41883914,4),(3213693,46280444,4),(3213693,50116869,3),(3213693,53669665,4),(3929806,1069267,5),(3929806,6844409,5),(3929806,33354168,4),(3929806,37758603,3),(3929806,42114320,1),(3929806,46296421,2),(3929806,50147514,1),(3929806,54592777,3),(4048636,1069456,3),(4048636,6911634,4),(4048636,33506465,3),(4048636,38195391,2),(4048636,42244011,2),(4048636,46315448,2),(4048636,50231451,5),(4048636,55445659,5),(4155810,75827,2),(4155810,1069969,2),(4155810,6938963,2),(4155810,33712748,4),(4155810,38221381,2),(4155810,42383131,3),(4155810,46364529,2),(4155810,50350530,4),(4257535,86003,1),(4257535,1197926,3),(4257535,7445901,2),(4257535,33739394,4),(4257535,38270608,5),(4257535,42402177,4),(4257535,46455283,3),(4257535,50390402,2),(4316003,232285,1),(4316003,1263722,3),(4316003,8670770,3),(4316003,33781223,5),(4316003,38656612,5),(4316003,42478659,3),(4316003,46500920,4),(4316003,50416775,3),(4330903,339429,2),(4330903,2129027,5),(4330903,25458659,5),(4330903,33855676,2),(4330903,38950239,5),(4330903,42522846,1),(4330903,46651068,4),(4330903,50436075,2),(4409939,458885,4),(4409939,2174680,5),(4409939,26496209,4),(4409939,33875067,3),(4409939,38963117,2),(4409939,42723219,2),(4409939,46675683,4),(4409939,50462654,3),(4410218,926270,4),(4410218,2301364,3),(4410218,31125069,2),(4410218,33914921,2),(4410218,39024454,2),(4410218,42780162,4),(4410218,46692673,5),(4410218,50596116,4),(4923966,1068944,3),(4923966,2565792,3),(4923966,31288872,3),(4923966,33966228,2),(4923966,39058017,5),(4923966,42887442,5),(4923966,46858785,4),(4923966,50601765,3),(5477259,1069267,1),(5477259,2864832,4),(5477259,31294046,4),(5477259,34035848,5),(5477259,39359897,3),(5477259,43279538,4),(5477259,46876805,4),(5477259,50615765,5),(6048231,1069456,2),(6048231,2963490,3),(6048231,31299289,4),(6048231,34081119,4),(6048231,39475547,1),(6048231,43314126,4),(6048231,46881033,3),(6048231,50784707,1),(6102936,1069969,4),(6102936,3058908,2),(6102936,31324877,4),(6102936,34366102,2),(6102936,39543957,4),(6102936,43332848,3),(6102936,47007182,5),(6102936,50803208,3),(6728937,1197926,4),(6728937,3125977,1),(6728937,31508759,1),(6728937,34373617,3),(6728937,39648211,4),(6728937,43357885,2),(6728937,47019441,4),(6728937,50836009,4),(6861373,1263722,2),(6861373,3177325,5),(6861373,31540074,3),(6861373,34407849,4),(6861373,39684405,2),(6861373,43482185,4),(6861373,47047732,3),(6861373,50891208,3),(31116980,2129027,1),(31116980,3213828,3),(31116980,31541857,4),(31116980,34441398,5),(31116980,39827537,1),(31116980,43518444,3),(31116980,47057070,2),(31116980,50935511,4),(31297427,2174680,2),(31297427,3257032,3),(31297427,31546667,2),(31297427,34525502,3),(31297427,39845663,1),(31297427,43524799,2),(31297427,47108940,4),(31297427,51030750,4),(31325762,2301364,1),(31325762,3549934,3),(31325762,31560347,4),(31325762,34525548,4),(31325762,40204599,4),(31325762,43812675,5),(31325762,47122587,3),(31325762,51034595,4),(31516269,2565792,5),(31516269,3632762,5),(31516269,31573900,5),(31516269,34631629,5),(31516269,40220752,3),(31516269,43864288,2),(31516269,47365687,5),(31516269,51042056,1),(31685188,2864832,2),(31685188,3714100,2),(31685188,31614416,5),(31685188,34642271,4),(31685188,40275989,3),(31685188,43864701,3),(31685188,47608896,4),(31685188,51183379,2),(31716419,2963490,2),(31716419,3735903,2),(31716419,31715598,3),(31716419,34689678,4),(31716419,40276011,1),(31716419,43888529,3),(31716419,47639646,1),(31716419,51304424,4),(31773673,3058908,4),(31773673,3937199,5),(31773673,31720319,1),(31773673,34743697,2),(31773673,40276068,5),(31773673,43902407,2),(31773673,47880260,5),(31773673,51605574,4),(32547345,3125977,1),(32547345,4131698,4),(32547345,31780330,5),(32547345,34859104,2),(32547345,40276077,3),(32547345,44076001,3),(32547345,47891714,2),(32547345,51744192,2),(32625106,3177325,4),(32625106,4451125,2),(32625106,31884711,2),(32625106,34927870,4),(32625106,40448251,1),(32625106,44146315,1),(32625106,47933392,4),(32625106,51821712,4),(32750625,3213828,4),(32750625,4795856,2),(32750625,31928645,2),(32750625,34944273,2),(32750625,40455682,2),(32750625,44167642,2),(32750625,48018509,5),(32750625,51840644,4),(32801973,3257032,3),(32801973,4915558,5),(32801973,31978880,5),(32801973,34981913,1),(32801973,40594443,3),(32801973,44263141,2),(32801973,48031618,1),(32801973,51881932,2),(33061423,3549934,3),(33061423,5941180,4),(33061423,32099744,2),(33061423,35008370,3),(33061423,40736994,2),(33061423,44267470,5),(33061423,48051805,4),(33061423,51887498,2),(33114047,3632762,3),(33114047,5977588,1),(33114047,32128322,5),(33114047,35109012,5),(33114047,40760526,3),(33114047,44289413,5),(33114047,48093124,4),(33114047,51981259,3),(33477261,3714100,4),(33477261,5995368,3),(33477261,32229707,4),(33477261,35167685,4),(33477261,40946466,4),(33477261,44471280,2),(33477261,48333960,2),(33477261,52199862,1),(33662276,3735903,2),(33662276,6102908,3),(33662276,32242274,3),(33662276,35191492,2),(33662276,41144281,1),(33662276,44746811,4),(33662276,48339717,4),(33662276,52238545,5),(33666185,3937199,2),(33666185,6194478,3),(33666185,32251825,4),(33666185,35420610,2),(33666185,41313598,2),(33666185,44747002,3),(33666185,48346739,3),(33666185,52403341,1),(33858368,4131698,5),(33858368,6259159,4),(33858368,32282126,3),(33858368,35504415,1),(33858368,41381269,3),(33858368,44749980,3),(33858368,48631902,4),(33858368,52784074,2),(33875432,4451125,4),(33875432,6362696,3),(33875432,32356464,3),(33875432,35505100,2),(33875432,41475073,4),(33875432,44752779,4),(33875432,48726494,3),(33875432,52924977,1),(34062683,4795856,1),(34062683,6531200,1),(34062683,32397777,1),(34062683,35545522,3),(34062683,41727481,2),(34062683,44767226,3),(34062683,48964455,5),(34062683,53035093,1),(34108867,4915558,3),(34108867,6538172,4),(34108867,32418640,4),(34108867,35607765,4),(34108867,41771898,2),(34108867,44767258,3),(34108867,49047266,5),(34108867,53560311,4),(34234421,5941180,3),(34234421,6568127,1),(34234421,32556376,3),(34234421,35810906,3),(34234421,41882886,2),(34234421,46000191,3),(34234421,49119444,3),(34234421,53610850,2),(34253184,5977588,2),(34253184,6687642,5),(34253184,32570198,3),(34253184,36308101,4),(34253184,41883914,3),(34253184,46026447,3),(34253184,49226769,3),(34253184,53669665,2),(34321773,5995368,1),(34321773,6844409,2),(34321773,32586402,5),(34321773,36481470,3),(34321773,42114320,4),(34321773,46040537,3),(34321773,49267348,4),(34321773,54592777,3),(34393007,6102908,2),(34393007,6911634,3),(34393007,32613496,3),(34393007,36803109,1),(34393007,42244011,2),(34393007,46072637,3),(34393007,49650994,1),(34393007,55445659,2),(34688466,75827,3),(34688466,6194478,3),(34688466,6938963,3),(34688466,32792042,3),(34688466,37078285,5),(34688466,42383131,1),(34688466,46106748,2),(34688466,49693345,3),(34708573,86003,1),(34708573,6259159,3),(34708573,7445901,4),(34708573,32942036,2),(34708573,37145767,4),(34708573,42402177,2),(34708573,46130148,2),(34708573,49817430,1),(34732094,232285,3),(34732094,6362696,3),(34732094,8670770,3),(34732094,33028204,5),(34732094,37215955,2),(34732094,42478659,2),(34732094,46134461,3),(34732094,49860049,4),(34913531,339429,2),(34913531,6531200,3),(34913531,25458659,3),(34913531,33028936,2),(34913531,37356069,2),(34913531,42522846,3),(34913531,46167279,3),(34913531,49953830,3),(35025467,458885,2),(35025467,6538172,3),(35025467,26496209,3),(35025467,33109072,2),(35025467,37621862,3),(35025467,42723219,3),(35025467,46234841,3),(35025467,50041873,2),(35041211,926270,1),(35041211,6568127,2),(35041211,31125069,3),(35041211,33218001,3),(35041211,37674279,3),(35041211,42780162,1),(35041211,46264677,3),(35041211,50059355,5),(35104525,1068944,2),(35104525,6687642,4),(35104525,31288872,4),(35104525,33276794,4),(35104525,37720451,2),(35104525,42887442,1),(35104525,46280444,2),(35104525,50116869,4),(35127634,1069267,1),(35127634,6844409,2),(35127634,31294046,3),(35127634,33354168,4),(35127634,37758603,5),(35127634,43279538,3),(35127634,46296421,4),(35127634,50147514,3),(35412812,1069456,5),(35412812,6911634,4),(35412812,31299289,5),(35412812,33506465,4),(35412812,38195391,4),(35412812,43314126,4),(35412812,46315448,4),(35412812,50231451,5),(35528784,1069969,2),(35528784,6938963,4),(35528784,31324877,2),(35528784,33712748,3),(35528784,38221381,3),(35528784,43332848,2),(35528784,46364529,5),(35528784,50350530,4),(35547452,1197926,2),(35547452,7445901,2),(35547452,31508759,2),(35547452,33739394,3),(35547452,38270608,5),(35547452,43357885,1),(35547452,46455283,4),(35547452,50390402,1),(35745697,1263722,3),(35745697,8670770,2),(35745697,31540074,4),(35745697,33781223,2),(35745697,38656612,1),(35745697,43482185,3),(35745697,46500920,3),(35745697,50416775,1),(35859477,2129027,3),(35859477,25458659,1),(35859477,31541857,2),(35859477,33855676,2),(35859477,38950239,4),(35859477,43518444,4),(35859477,46651068,1),(35859477,50436075,1),(36320488,2174680,4),(36320488,26496209,2),(36320488,31546667,4),(36320488,33875067,1),(36320488,38963117,2),(36320488,43524799,2),(36320488,46675683,1),(36320488,50462654,3),(36344588,2301364,2),(36344588,31125069,4),(36344588,31560347,2),(36344588,33914921,3),(36344588,39024454,1),(36344588,43812675,3),(36344588,46692673,4),(36344588,50596116,4),(36353471,2565792,3),(36353471,31288872,1),(36353471,31573900,3),(36353471,33966228,3),(36353471,39058017,4),(36353471,43864288,3),(36353471,46858785,4),(36353471,50601765,1),(36504486,2864832,4),(36504486,31294046,4),(36504486,31614416,3),(36504486,34035848,4),(36504486,39359897,4),(36504486,43864701,2),(36504486,46876805,1),(36504486,50615765,1),(36965916,2963490,2),(36965916,31299289,4),(36965916,31715598,3),(36965916,34081119,3),(36965916,39475547,5),(36965916,43888529,4),(36965916,46881033,1),(36965916,50784707,4),(37078638,3058908,4),(37078638,31324877,2),(37078638,31720319,2),(37078638,34366102,4),(37078638,39543957,5),(37078638,43902407,5),(37078638,47007182,3),(37078638,50803208,4),(37355435,3125977,4),(37355435,31508759,3),(37355435,31780330,2),(37355435,34373617,5),(37355435,39648211,4),(37355435,44076001,1),(37355435,47019441,2),(37355435,50836009,3),(38882076,3177325,2),(38882076,31540074,2),(38882076,31884711,3),(38882076,34407849,4),(38882076,39684405,5),(38882076,44146315,4),(38882076,47047732,4),(38882076,50891208,2),(39152470,3213828,3),(39152470,31541857,4),(39152470,31928645,4),(39152470,34441398,3),(39152470,39827537,2),(39152470,44167642,4),(39152470,47057070,2),(39152470,50935511,3),(39214141,3257032,1),(39214141,31546667,5),(39214141,31978880,3),(39214141,34525502,2),(39214141,39845663,1),(39214141,44263141,4),(39214141,47108940,3),(39214141,51030750,3),(39225302,3549934,2),(39225302,31560347,2),(39225302,32099744,3),(39225302,34525548,2),(39225302,40204599,2),(39225302,44267470,1),(39225302,47122587,2),(39225302,51034595,1),(39442545,3632762,3),(39442545,31573900,3),(39442545,32128322,5),(39442545,34631629,4),(39442545,40220752,2),(39442545,44289413,4),(39442545,47365687,4),(39442545,51042056,3),(39467625,3714100,3),(39467625,31614416,3),(39467625,32229707,2),(39467625,34642271,3),(39467625,40275989,3),(39467625,44471280,1),(39467625,47608896,2),(39467625,51183379,3),(39833031,3735903,4),(39833031,31715598,2),(39833031,32242274,3),(39833031,34689678,4),(39833031,40276011,3),(39833031,44746811,3),(39833031,47639646,4),(39833031,51304424,3),(39879528,3937199,2),(39879528,31720319,3),(39879528,32251825,4),(39879528,34743697,4),(39879528,40276068,2),(39879528,44747002,2),(39879528,47880260,3),(39879528,51605574,4),(40219535,4131698,2),(40219535,31780330,3),(40219535,32282126,3),(40219535,34859104,4),(40219535,40276077,3),(40219535,44749980,2),(40219535,47891714,2),(40219535,51744192,3),(40950357,4451125,1),(40950357,31884711,1),(40950357,32356464,3),(40950357,34927870,4),(40950357,40448251,2),(40950357,44752779,2),(40950357,47933392,4),(40950357,51821712,3),(41184431,4795856,3),(41184431,31928645,2),(41184431,32397777,2),(41184431,34944273,3),(41184431,40455682,2),(41184431,44767226,4),(41184431,48018509,3),(41184431,51840644,3),(41492694,4915558,5),(41492694,31978880,2),(41492694,32418640,5),(41492694,34981913,5),(41492694,40594443,2),(41492694,44767258,1),(41492694,48031618,1),(41492694,51881932,1),(41942013,5941180,2),(41942013,32099744,4),(41942013,32556376,1),(41942013,35008370,5),(41942013,40736994,1),(41942013,46000191,3),(41942013,48051805,4),(41942013,51887498,4),(42001667,5977588,3),(42001667,32128322,3),(42001667,32570198,3),(42001667,35109012,1),(42001667,40760526,4),(42001667,46026447,3),(42001667,48093124,2),(42001667,51981259,2),(42102274,5995368,4),(42102274,32229707,4),(42102274,32586402,4),(42102274,35167685,4),(42102274,40946466,4),(42102274,46040537,3),(42102274,48333960,3),(42102274,52199862,3),(42405048,6102908,5),(42405048,32242274,2),(42405048,32613496,3),(42405048,35191492,2),(42405048,41144281,3),(42405048,46072637,3),(42405048,48339717,2),(42405048,52238545,3),(42511820,6194478,3),(42511820,32251825,3),(42511820,32792042,5),(42511820,35420610,3),(42511820,41313598,4),(42511820,46106748,3),(42511820,48346739,2),(42511820,52403341,2),(42520900,6259159,4),(42520900,32282126,3),(42520900,32942036,4),(42520900,35504415,4),(42520900,41381269,4),(42520900,46130148,3),(42520900,48631902,5),(42520900,52784074,4),(42561102,6362696,5),(42561102,32356464,1),(42561102,33028204,3),(42561102,35505100,2),(42561102,41475073,4),(42561102,46134461,3),(42561102,48726494,4),(42561102,52924977,1),(42739787,6531200,4),(42739787,32397777,3),(42739787,33028936,1),(42739787,35545522,4),(42739787,41727481,4),(42739787,46167279,2),(42739787,48964455,3),(42739787,53035093,1),(42747914,6538172,4),(42747914,32418640,5),(42747914,33109072,3),(42747914,35607765,4),(42747914,41771898,5),(42747914,46234841,1),(42747914,49047266,3),(42747914,53560311,2),(43124190,6568127,5),(43124190,32556376,4),(43124190,33218001,3),(43124190,35810906,1),(43124190,41882886,4),(43124190,46264677,4),(43124190,49119444,2),(43124190,53610850,5),(43451791,6687642,2),(43451791,32570198,1),(43451791,33276794,4),(43451791,36308101,5),(43451791,41883914,4),(43451791,46280444,3),(43451791,49226769,4),(43451791,53669665,4),(44396958,6844409,5),(44396958,32586402,4),(44396958,33354168,5),(44396958,36481470,4),(44396958,42114320,4),(44396958,46296421,2),(44396958,49267348,2),(44396958,54592777,3),(44596908,6911634,3),(44596908,32613496,2),(44596908,33506465,2),(44596908,36803109,2),(44596908,42244011,5),(44596908,46315448,3),(44596908,49650994,1),(44596908,55445659,5),(44606222,75827,2),(44606222,6938963,2),(44606222,32792042,2),(44606222,33712748,3),(44606222,37078285,2),(44606222,42383131,2),(44606222,46364529,2),(44606222,49693345,3),(45567867,86003,2),(45567867,7445901,4),(45567867,32942036,2),(45567867,33739394,4),(45567867,37145767,1),(45567867,42402177,3),(45567867,46455283,4),(45567867,49817430,2),(45712371,232285,4),(45712371,8670770,5),(45712371,33028204,3),(45712371,33781223,2),(45712371,37215955,5),(45712371,42478659,4),(45712371,46500920,4),(45712371,49860049,4),(46108135,339429,2),(46108135,25458659,2),(46108135,33028936,4),(46108135,33855676,1),(46108135,37356069,5),(46108135,42522846,5),(46108135,46651068,4),(46108135,49953830,1),(46130148,458885,4),(46130148,26496209,4),(46130148,33109072,1),(46130148,33875067,4),(46130148,37621862,1),(46130148,42723219,2),(46130148,46675683,5),(46130148,50041873,2),(46231064,926270,1),(46231064,31125069,4),(46231064,33218001,4),(46231064,33914921,5),(46231064,37674279,3),(46231064,42780162,2),(46231064,46692673,3),(46231064,50059355,1),(46310894,1068944,3),(46310894,31288872,3),(46310894,33276794,5),(46310894,33966228,3),(46310894,37720451,5),(46310894,42887442,5),(46310894,46858785,4),(46310894,50116869,3),(46431355,1069267,1),(46431355,31294046,5),(46431355,33354168,4),(46431355,34035848,5),(46431355,37758603,3),(46431355,43279538,5),(46431355,46876805,1),(46431355,50147514,3),(46571691,1069456,3),(46571691,31299289,4),(46571691,33506465,4),(46571691,34081119,2),(46571691,38195391,5),(46571691,43314126,4),(46571691,46881033,5),(46571691,50231451,2),(46764451,1069969,3),(46764451,31324877,2),(46764451,33712748,3),(46764451,34366102,2),(46764451,38221381,4),(46764451,43332848,4),(46764451,47007182,4),(46764451,50350530,1),(46825489,1197926,2),(46825489,31508759,5),(46825489,33739394,4),(46825489,34373617,1),(46825489,38270608,1),(46825489,43357885,4),(46825489,47019441,3),(46825489,50390402,3),(46955124,1263722,4),(46955124,31540074,3),(46955124,33781223,3),(46955124,34407849,5),(46955124,38656612,4),(46955124,43482185,4),(46955124,47047732,4),(46955124,50416775,2),(47475280,2129027,2),(47475280,31541857,5),(47475280,33855676,3),(47475280,34441398,3),(47475280,38950239,1),(47475280,43518444,1),(47475280,47057070,3),(47475280,50436075,5),(47558444,2174680,5),(47558444,31546667,2),(47558444,33875067,3),(47558444,34525502,3),(47558444,38963117,3),(47558444,43524799,4),(47558444,47108940,2),(47558444,50462654,5),(47647542,2301364,2),(47647542,31560347,4),(47647542,33914921,2),(47647542,34525548,5),(47647542,39024454,3),(47647542,43812675,2),(47647542,47122587,3),(47647542,50596116,5),(47754758,2565792,2),(47754758,31573900,4),(47754758,33966228,4),(47754758,34631629,5),(47754758,39058017,2),(47754758,43864288,2),(47754758,47365687,3),(47754758,50601765,4),(47952322,2864832,5),(47952322,31614416,2),(47952322,34035848,3),(47952322,34642271,1),(47952322,39359897,4),(47952322,43864701,2),(47952322,47608896,4),(47952322,50615765,3),(48013553,2963490,3),(48013553,31715598,2),(48013553,34081119,5),(48013553,34689678,3),(48013553,39475547,3),(48013553,43888529,5),(48013553,47639646,5),(48013553,50784707,2),(48247931,3058908,4),(48247931,31720319,2),(48247931,34366102,4),(48247931,34743697,4),(48247931,39543957,2),(48247931,43902407,3),(48247931,47880260,4),(48247931,50803208,4),(48432924,3125977,4),(48432924,31780330,4),(48432924,34373617,3),(48432924,34859104,4),(48432924,39648211,5),(48432924,44076001,3),(48432924,47891714,3),(48432924,50836009,2),(48734671,3177325,4),(48734671,31884711,2),(48734671,34407849,3),(48734671,34927870,5),(48734671,39684405,3),(48734671,44146315,3),(48734671,47933392,2),(48734671,50891208,1),(48961304,3213828,3),(48961304,31928645,4),(48961304,34441398,5),(48961304,34944273,5),(48961304,39827537,3),(48961304,44167642,2),(48961304,48018509,5),(48961304,50935511,3),(49139927,3257032,3),(49139927,31978880,4),(49139927,34525502,5),(49139927,34981913,2),(49139927,39845663,3),(49139927,44263141,1),(49139927,48031618,2),(49139927,51030750,3),(49215525,3549934,3),(49215525,32099744,3),(49215525,34525548,2),(49215525,35008370,3),(49215525,40204599,5),(49215525,44267470,4),(49215525,48051805,2),(49215525,51034595,5),(49396471,3632762,2),(49396471,32128322,4),(49396471,34631629,1),(49396471,35109012,3),(49396471,40220752,2),(49396471,44289413,3),(49396471,48093124,2),(49396471,51042056,3),(49534769,3714100,3),(49534769,32229707,2),(49534769,34642271,4),(49534769,35167685,2),(49534769,40275989,5),(49534769,44471280,3),(49534769,48333960,5),(49534769,51183379,1),(50229184,3735903,3),(50229184,32242274,2),(50229184,34689678,2),(50229184,35191492,3),(50229184,40276011,4),(50229184,44746811,2),(50229184,48339717,2),(50229184,51304424,3),(50581408,3937199,4),(50581408,32251825,4),(50581408,34743697,1),(50581408,35420610,3),(50581408,40276068,2),(50581408,44747002,3),(50581408,48346739,3),(50581408,51605574,3),(50609989,4131698,3),(50609989,32282126,5),(50609989,35504415,5),(50609989,40276077,2),(50609989,44749980,2),(50609989,48631902,4),(50609989,51744192,1),(51242323,4451125,1),(51242323,32356464,1),(51242323,35505100,2),(51242323,40448251,4),(51242323,44752779,1),(51242323,48726494,3),(51242323,51821712,3),(51288131,4795856,4),(51288131,32397777,4),(51288131,35545522,3),(51288131,40455682,2),(51288131,44767226,4),(51288131,48964455,4),(51288131,51840644,3),(51427361,4915558,2),(51427361,32418640,4),(51427361,35607765,3),(51427361,40594443,4),(51427361,44767258,3),(51427361,49047266,2),(51427361,51881932,2),(51677783,5941180,2),(51677783,32556376,3),(51677783,35810906,3),(51677783,40736994,3),(51677783,46000191,5),(51677783,49119444,5),(51677783,51887498,4),(51962503,5977588,5),(51962503,32570198,2),(51962503,36308101,4),(51962503,40760526,5),(51962503,46026447,1),(51962503,49226769,4),(51962503,51981259,4),(52080035,5995368,2),(52080035,32586402,2),(52080035,36481470,3),(52080035,40946466,4),(52080035,46040537,4),(52080035,49267348,1),(52080035,52199862,1),(52312934,6102908,4),(52312934,32613496,4),(52312934,36803109,2),(52312934,41144281,2),(52312934,46072637,3),(52312934,49650994,5),(52312934,52238545,5);
/*!40000 ALTER TABLE `orderdetails` ENABLE KEYS */;
UNLOCK TABLES;

--
-- Table structure for table `orders`
--

DROP TABLE IF EXISTS `orders`;
/*!40101 SET @saved_cs_client     = @@character_set_client */;
/*!50503 SET character_set_client = utf8mb4 */;
CREATE TABLE `orders` (
  `order_id` int NOT NULL AUTO_INCREMENT,
  `orderDate` datetime NOT NULL,
  `customerId` int NOT NULL,
  PRIMARY KEY (`order_id`),
  UNIQUE KEY `order_id_UNIQUE` (`order_id`),
  KEY `customerId_idx` (`customerId`),
  CONSTRAINT `customerId` FOREIGN KEY (`customerId`) REFERENCES `customers` (`cust_id`)
) ENGINE=InnoDB AUTO_INCREMENT=52312935 DEFAULT CHARSET=utf8mb4 COLLATE=utf8mb4_0900_ai_ci;
/*!40101 SET character_set_client = @saved_cs_client */;

--
-- Dumping data for table `orders`
--

LOCK TABLES `orders` WRITE;
/*!40000 ALTER TABLE `orders` DISABLE KEYS */;
INSERT INTO `orders` VALUES (232453,'0006-04-22 00:00:00',11009271),(1791672,'0002-10-22 00:00:00',11158413),(2158944,'2012-07-21 00:00:00',11076569),(2301946,'0003-06-22 00:00:00',12278147),(2517555,'0007-10-22 00:00:00',11887183),(2724424,'0008-03-22 00:00:00',10205839),(3213693,'2011-05-22 00:00:00',844249),(3929806,'2011-04-22 00:00:00',10906945),(4048636,'0007-06-22 00:00:00',11082519),(4155810,'0003-12-22 00:00:00',12163949),(4257535,'0004-12-22 00:00:00',1059135),(4316003,'2010-04-22 00:00:00',4306642),(4330903,'2011-06-22 00:00:00',4815027),(4409939,'0007-09-22 00:00:00',11769275),(4410218,'0008-04-22 00:00:00',11141669),(4923966,'0004-02-22 00:00:00',10387447),(5477259,'0007-07-22 00:00:00',10599729),(6048231,'0009-08-22 00:00:00',9920547),(6102936,'0005-07-22 00:00:00',11248447),(6728937,'0004-10-22 00:00:00',10597671),(6861373,'0009-12-22 00:00:00',11084409),(31116980,'0008-03-22 00:00:00',11158301),(31297427,'0009-09-22 00:00:00',10991309),(31325762,'0004-11-22 00:00:00',11413563),(31516269,'2010-03-22 00:00:00',8768879),(31685188,'0008-12-22 00:00:00',10597671),(31716419,'0008-05-22 00:00:00',9485175),(31773673,'0005-12-22 00:00:00',10083045),(32547345,'0003-01-22 00:00:00',4690133),(32625106,'0002-01-22 00:00:00',11009271),(32750625,'0002-08-22 00:00:00',4327911),(32801973,'0009-10-22 00:00:00',11226271),(33061423,'2011-06-22 00:00:00',4754393),(33114047,'0002-08-22 00:00:00',4306642),(33477261,'0003-03-22 00:00:00',11884019),(33662276,'0002-01-22 00:00:00',860990),(33666185,'0002-06-22 00:00:00',4228777),(33858368,'2010-08-22 00:00:00',11214021),(33875432,'0001-06-22 00:00:00',11884019),(34062683,'2012-09-21 00:00:00',10905489),(34108867,'0006-07-22 00:00:00',10373559),(34234421,'0002-06-22 00:00:00',11781455),(34253184,'0003-11-22 00:00:00',11896087),(34321773,'0006-08-22 00:00:00',10284169),(34393007,'2011-03-22 00:00:00',11351893),(34688466,'0007-04-22 00:00:00',10054681),(34708573,'0005-11-22 00:00:00',8768879),(34732094,'0002-12-22 00:00:00',10880401),(34913531,'2011-04-22 00:00:00',12086053),(35025467,'0002-10-22 00:00:00',4935693),(35041211,'2012-03-21 00:00:00',8904609),(35104525,'0002-09-22 00:00:00',10597419),(35127634,'0008-11-22 00:00:00',10880401),(35412812,'0004-05-22 00:00:00',12216155),(35528784,'0007-05-22 00:00:00',10189011),(35547452,'0003-12-22 00:00:00',831271),(35745697,'0004-10-22 00:00:00',11141669),(35859477,'0002-10-22 00:00:00',5296431),(36320488,'0003-07-22 00:00:00',11344473),(36344588,'0003-05-22 00:00:00',1052163),(36353471,'0007-05-22 00:00:00',11896087),(36504486,'0008-06-22 00:00:00',11489583),(36965916,'0009-07-22 00:00:00',11380033),(37078638,'0002-09-22 00:00:00',1059135),(37355435,'0006-09-22 00:00:00',11226271),(38882076,'0008-12-22 00:00:00',11769275),(39152470,'0005-01-22 00:00:00',4291119),(39214141,'0006-02-22 00:00:00',12324641),(39225302,'0006-01-22 00:00:00',10314675),(39442545,'0009-09-22 00:00:00',11887183),(39467625,'0007-07-22 00:00:00',11622037),(39833031,'0007-07-22 00:00:00',819721),(39879528,'0005-01-22 00:00:00',1059135),(40219535,'0007-08-22 00:00:00',9421181),(40950357,'0001-08-22 00:00:00',860990),(41184431,'2010-06-22 00:00:00',11351893),(41492694,'2011-08-21 00:00:00',4327911),(41942013,'0002-05-22 00:00:00',11781455),(42001667,'0002-05-22 00:00:00',11158301),(42102274,'0007-02-22 00:00:00',4935693),(42405048,'0009-03-22 00:00:00',8686965),(42511820,'2011-04-22 00:00:00',11084409),(42520900,'0007-04-22 00:00:00',9920547),(42561102,'2011-07-22 00:00:00',11073237),(42739787,'0004-06-22 00:00:00',12278147),(42747914,'0008-08-22 00:00:00',11958233),(43124190,'0008-11-22 00:00:00',10906945),(43451791,'2012-11-21 00:00:00',593411),(44396958,'2010-09-22 00:00:00',10387447),(44596908,'0008-03-22 00:00:00',4815027),(44606222,'0001-07-22 00:00:00',12030263),(45567867,'0008-01-22 00:00:00',11320883),(45712371,'2011-07-22 00:00:00',9998695),(46108135,'0009-03-22 00:00:00',8904609),(46130148,'0002-06-22 00:00:00',12216155),(46231064,'2012-08-21 00:00:00',11039245),(46310894,'0008-08-22 00:00:00',5296431),(46431355,'0004-09-22 00:00:00',11474477),(46571691,'0007-09-22 00:00:00',12417929),(46764451,'0005-12-22 00:00:00',11958233),(46825489,'0007-09-22 00:00:00',819721),(46955124,'0006-10-22 00:00:00',10717273),(47475280,'2011-05-22 00:00:00',4172693),(47558444,'0004-08-22 00:00:00',4690133),(47647542,'2012-12-21 00:00:00',8686965),(47754758,'0006-03-22 00:00:00',12150957),(47952322,'0005-08-22 00:00:00',10597419),(48013553,'0006-02-22 00:00:00',12150957),(48247931,'0006-05-22 00:00:00',11328737),(48432924,'2011-10-21 00:00:00',12150957),(48734671,'0004-10-22 00:00:00',10314675),(48961304,'0001-03-22 00:00:00',844249),(49139927,'0003-06-22 00:00:00',9998695),(49215525,'0006-12-22 00:00:00',12180511),(49396471,'0005-01-22 00:00:00',10844015),(49534769,'0006-10-22 00:00:00',10395444),(50229184,'0009-11-22 00:00:00',5296431),(50581408,'0004-08-22 00:00:00',11350661),(50609989,'0002-04-22 00:00:00',5267955),(51242323,'0007-03-22 00:00:00',11622037),(51288131,'0005-01-22 00:00:00',9585247),(51427361,'0002-04-22 00:00:00',11380033),(51677783,'2010-08-22 00:00:00',9421181),(51962503,'0008-07-22 00:00:00',9127153),(52080035,'0003-01-22 00:00:00',11039245),(52312934,'0004-01-22 00:00:00',11248447);
/*!40000 ALTER TABLE `orders` ENABLE KEYS */;
UNLOCK TABLES;

--
-- Table structure for table `productcategory`
--

DROP TABLE IF EXISTS `productcategory`;
/*!40101 SET @saved_cs_client     = @@character_set_client */;
/*!50503 SET character_set_client = utf8mb4 */;
CREATE TABLE `productcategory` (
  `catID` int NOT NULL,
  `productID` int NOT NULL,
  UNIQUE KEY `productID_UNIQUE` (`productID`),
  KEY `productID_idx` (`productID`),
  KEY `catID_idx` (`catID`),
  CONSTRAINT `catID` FOREIGN KEY (`catID`) REFERENCES `category` (`category_id`),
  CONSTRAINT `productID` FOREIGN KEY (`productID`) REFERENCES `products` (`product_id`)
) ENGINE=InnoDB DEFAULT CHARSET=utf8mb4 COLLATE=utf8mb4_0900_ai_ci;
/*!40101 SET character_set_client = @saved_cs_client */;

--
-- Dumping data for table `productcategory`
--

LOCK TABLES `productcategory` WRITE;
/*!40000 ALTER TABLE `productcategory` DISABLE KEYS */;
INSERT INTO `productcategory` VALUES (211,3632762),(211,5941180),(211,7445901),(211,8670770),(211,31715598),(211,33218001),(211,33276794),(211,33739394),(211,33914921),(211,34631629),(211,39058017),(211,39475547),(211,41475073),(211,41882886),(211,42402177),(211,43279538),(211,43864701),(211,44747002),(211,44752779),(211,46000191),(211,46026447),(211,46675683),(211,46881033),(211,47880260),(511,86003),(511,339429),(511,926270),(511,1068944),(511,1197926),(511,1263722),(511,2129027),(511,2565792),(511,2963490),(511,3125977),(511,3257032),(511,3549934),(511,3714100),(511,4131698),(511,5995368),(511,6102908),(511,6259159),(511,6568127),(511,6844409),(511,31294046),(511,31299289),(511,31324877),(511,31508759),(511,31540074),(511,31546667),(511,31780330),(511,32356464),(511,32556376),(511,32570198),(511,32942036),(511,33028204),(511,33354168),(511,33506465),(511,33712748),(511,33875067),(511,34366102),(511,34642271),(511,34927870),(511,34944273),(511,34981913),(511,35008370),(511,35167685),(511,35191492),(511,35420610),(511,36308101),(511,36481470),(511,37145767),(511,37215955),(511,37621862),(511,37720451),(511,38221381),(511,38963117),(511,39024454),(511,39648211),(511,40220752),(511,40276011),(511,40276068),(511,42478659),(511,42522846),(511,42723219),(511,43314126),(511,43357885),(511,43482185),(511,43812675),(511,43864288),(511,43902407),(511,44263141),(511,44767226),(511,46130148),(511,46134461),(511,46455283),(511,46500920),(511,46858785),(511,47007182),(511,47019441),(511,47057070),(511,47122587),(511,47608896),(511,47933392),(511,48333960),(511,48346739),(511,49226769),(511,49693345),(511,49817430),(511,49953830),(511,50041873),(511,50350530),(511,50416775),(511,50436075),(511,50462654),(511,50615765),(511,50803208),(511,50836009),(511,51042056),(511,51605574),(511,51821712),(511,53035093),(511,53560311),(511,54592777),(911,75827),(911,232285),(911,458885),(911,1069267),(911,1069456),(911,1069969),(911,2174680),(911,2301364),(911,2864832),(911,3058908),(911,3177325),(911,3213828),(911,3735903),(911,3937199),(911,4451125),(911,4795856),(911,4915558),(911,5977588),(911,6194478),(911,6362696),(911,6531200),(911,6538172),(911,6687642),(911,6911634),(911,6938963),(911,25458659),(911,26496209),(911,31125069),(911,31288872),(911,31541857),(911,31560347),(911,31573900),(911,31614416),(911,31720319),(911,31884711),(911,31928645),(911,31978880),(911,32099744),(911,32128322),(911,32229707),(911,32242274),(911,32251825),(911,32282126),(911,32397777),(911,32418640),(911,32586402),(911,32613496),(911,32792042),(911,33028936),(911,33109072),(911,33781223),(911,33855676),(911,33966228),(911,34035848),(911,34081119),(911,34373617),(911,34407849),(911,34441398),(911,34525502),(911,34525548),(911,34689678),(911,34743697),(911,34859104),(911,35109012),(911,35504415),(911,35505100),(911,35545522),(911,35607765),(911,35810906),(911,36803109),(911,37078285),(911,37356069),(911,37674279),(911,37758603),(911,38195391),(911,38270608),(911,38656612),(911,38950239),(911,39359897),(911,39543957),(911,39684405),(911,39827537),(911,39845663),(911,40204599),(911,40275989),(911,40276077),(911,40448251),(911,40455682),(911,40594443),(911,40736994),(911,40760526),(911,40946466),(911,41144281),(911,41313598),(911,41381269),(911,41727481),(911,41771898),(911,41883914),(911,42114320),(911,42244011),(911,42383131),(911,42780162),(911,42887442),(911,43332848),(911,43518444),(911,43524799),(911,43888529),(911,44076001),(911,44146315),(911,44167642),(911,44267470),(911,44289413),(911,44471280),(911,44746811),(911,44749980),(911,44767258),(911,46040537),(911,46072637),(911,46106748),(911,46167279),(911,46234841),(911,46264677),(911,46280444),(911,46296421),(911,46315448),(911,46364529),(911,46651068),(911,46692673),(911,46876805),(911,47047732),(911,47108940),(911,47365687),(911,47639646),(911,47891714),(911,48018509),(911,48031618),(911,48051805),(911,48093124),(911,48339717),(911,48631902),(911,48726494),(911,48964455),(911,49047266),(911,49119444),(911,49267348),(911,49650994),(911,49860049),(911,50059355),(911,50116869),(911,50147514),(911,50231451),(911,50390402),(911,50596116),(911,50601765),(911,50784707),(911,50891208),(911,50935511),(911,51030750),(911,51034595),(911,51183379),(911,51304424),(911,51744192),(911,51840644),(911,51881932),(911,51887498),(911,51981259),(911,52199862),(911,52238545),(911,52403341),(911,52784074),(911,52924977),(911,53610850),(911,53669665),(911,55445659);
/*!40000 ALTER TABLE `productcategory` ENABLE KEYS */;
UNLOCK TABLES;

--
-- Table structure for table `productiondetails`
--

DROP TABLE IF EXISTS `productiondetails`;
/*!40101 SET @saved_cs_client     = @@character_set_client */;
/*!50503 SET character_set_client = utf8mb4 */;
CREATE TABLE `productiondetails` (
  `productionId` int NOT NULL,
  `productionProductId` int NOT NULL,
  `productionUnitsProduced` int NOT NULL,
  PRIMARY KEY (`productionId`,`productionProductId`),
  KEY `productionProductId_idx` (`productionProductId`),
  CONSTRAINT `productionId` FOREIGN KEY (`productionId`) REFERENCES `productionunit` (`production_id`),
  CONSTRAINT `productionProductId` FOREIGN KEY (`productionProductId`) REFERENCES `products` (`product_id`)
) ENGINE=InnoDB DEFAULT CHARSET=utf8mb4 COLLATE=utf8mb4_0900_ai_ci;
/*!40101 SET character_set_client = @saved_cs_client */;

--
-- Dumping data for table `productiondetails`
--

LOCK TABLES `productiondetails` WRITE;
/*!40000 ALTER TABLE `productiondetails` DISABLE KEYS */;
INSERT INTO `productiondetails` VALUES (735423,75827,392),(735423,339429,350),(735423,34373617,395),(735423,34525502,324),(735423,44752779,493),(735423,46000191,369),(976889,86003,391),(976889,458885,395),(976889,34407849,381),(976889,34525548,385),(976889,44767226,362),(976889,46026447,364),(1767704,232285,385),(1767704,926270,493),(1767704,34441398,451),(1767704,34631629,378),(1767704,44767258,464),(1767704,46040537,412),(2079962,339429,454),(2079962,1068944,448),(2079962,34525502,432),(2079962,34642271,487),(2079962,46000191,411),(2079962,46072637,354),(2184641,458885,414),(2184641,1069267,431),(2184641,34525548,405),(2184641,34689678,423),(2184641,46026447,343),(2184641,46106748,450),(2422579,926270,377),(2422579,1069456,443),(2422579,34631629,324),(2422579,34743697,463),(2422579,46040537,454),(2422579,46130148,378),(2499936,1068944,343),(2499936,1069969,481),(2499936,34642271,488),(2499936,34859104,359),(2499936,46072637,495),(2499936,46134461,494),(3061178,1069267,320),(3061178,1197926,383),(3061178,34689678,353),(3061178,34927870,490),(3061178,46106748,406),(3061178,46167279,500),(3453136,1069456,408),(3453136,1263722,322),(3453136,34743697,414),(3453136,34944273,333),(3453136,46130148,361),(3453136,46234841,396),(3458806,1069969,443),(3458806,2129027,420),(3458806,34859104,338),(3458806,34981913,473),(3458806,46134461,365),(3458806,46264677,366),(3464223,1197926,421),(3464223,2174680,466),(3464223,34927870,381),(3464223,35008370,401),(3464223,46167279,430),(3464223,46280444,422),(4387006,1263722,393),(4387006,2301364,426),(4387006,34944273,478),(4387006,35109012,459),(4387006,46234841,399),(4387006,46296421,477),(4524965,2129027,381),(4524965,2565792,394),(4524965,34981913,470),(4524965,35167685,320),(4524965,46264677,487),(4524965,46315448,499),(4689247,2174680,492),(4689247,2864832,319),(4689247,35008370,417),(4689247,35191492,441),(4689247,46280444,414),(4689247,46364529,446),(4915292,2301364,429),(4915292,2963490,414),(4915292,35109012,374),(4915292,35420610,362),(4915292,46296421,436),(4915292,46455283,472),(5900331,2565792,340),(5900331,3058908,451),(5900331,35167685,401),(5900331,35504415,423),(5900331,46315448,306),(5900331,46500920,349),(6349963,2864832,315),(6349963,3125977,325),(6349963,35191492,418),(6349963,35505100,480),(6349963,46364529,464),(6349963,46651068,383),(6395620,2963490,441),(6395620,3177325,372),(6395620,35420610,364),(6395620,35545522,429),(6395620,46455283,455),(6395620,46675683,340),(6585371,3058908,381),(6585371,3213828,442),(6585371,35504415,499),(6585371,35607765,414),(6585371,46500920,399),(6585371,46692673,439),(6786412,3125977,337),(6786412,3257032,445),(6786412,35505100,428),(6786412,35810906,360),(6786412,46651068,370),(6786412,46858785,333),(6873700,3177325,337),(6873700,3549934,417),(6873700,35545522,338),(6873700,36308101,365),(6873700,46675683,367),(6873700,46876805,435),(6953567,3213828,362),(6953567,3632762,494),(6953567,35607765,406),(6953567,36481470,463),(6953567,46692673,329),(6953567,46881033,452),(9386247,3257032,486),(9386247,3714100,378),(9386247,35810906,332),(9386247,36803109,347),(9386247,46858785,335),(9386247,47007182,476),(12475609,3549934,418),(12475609,3735903,371),(12475609,36308101,393),(12475609,37078285,323),(12475609,46876805,448),(12475609,47019441,425),(31140186,3632762,385),(31140186,3937199,491),(31140186,36481470,303),(31140186,37145767,469),(31140186,46881033,415),(31140186,47047732,331),(31233639,3714100,453),(31233639,4131698,315),(31233639,36803109,391),(31233639,37215955,318),(31233639,47007182,445),(31233639,47057070,303),(31257195,3735903,329),(31257195,4451125,364),(31257195,37078285,491),(31257195,37356069,350),(31257195,47019441,313),(31257195,47108940,445),(32194799,3937199,494),(32194799,4795856,394),(32194799,37145767,372),(32194799,37621862,399),(32194799,47047732,424),(32194799,47122587,368),(32246733,4131698,318),(32246733,4915558,321),(32246733,37215955,382),(32246733,37674279,351),(32246733,47057070,413),(32246733,47365687,431),(32741650,4451125,343),(32741650,5941180,381),(32741650,37356069,356),(32741650,37720451,362),(32741650,47108940,368),(32741650,47608896,409),(33876261,4795856,330),(33876261,5977588,362),(33876261,37621862,485),(33876261,37758603,408),(33876261,47122587,372),(33876261,47639646,393),(34005173,4915558,319),(34005173,5995368,311),(34005173,37674279,480),(34005173,38195391,302),(34005173,47365687,423),(34005173,47880260,485),(34006985,5941180,457),(34006985,6102908,485),(34006985,37720451,348),(34006985,38221381,493),(34006985,47608896,432),(34006985,47891714,301),(34032302,5977588,453),(34032302,6194478,431),(34032302,37758603,345),(34032302,38270608,397),(34032302,47639646,347),(34032302,47933392,310),(34179525,5995368,341),(34179525,6259159,316),(34179525,38195391,308),(34179525,38656612,321),(34179525,47880260,324),(34179525,48018509,397),(34197896,6102908,448),(34197896,6362696,443),(34197896,38221381,325),(34197896,38950239,457),(34197896,47891714,373),(34197896,48031618,350),(34416570,6194478,410),(34416570,6531200,317),(34416570,38270608,426),(34416570,38963117,350),(34416570,47933392,473),(34416570,48051805,485),(34476213,6259159,432),(34476213,6538172,468),(34476213,38656612,395),(34476213,39024454,390),(34476213,48018509,367),(34476213,48093124,467),(34536122,6362696,418),(34536122,6568127,370),(34536122,38950239,415),(34536122,39058017,316),(34536122,48031618,444),(34536122,48333960,384),(34804524,6531200,488),(34804524,6687642,425),(34804524,38963117,485),(34804524,39359897,393),(34804524,48051805,430),(34804524,48339717,365),(35037268,6538172,426),(35037268,6844409,419),(35037268,39024454,426),(35037268,39475547,356),(35037268,48093124,439),(35037268,48346739,325),(35134963,6568127,471),(35134963,6911634,325),(35134963,39058017,430),(35134963,39543957,494),(35134963,48333960,380),(35134963,48631902,451),(35228053,6687642,334),(35228053,6938963,410),(35228053,39359897,323),(35228053,39648211,335),(35228053,48339717,383),(35228053,48726494,481),(35775774,6844409,303),(35775774,7445901,490),(35775774,39475547,464),(35775774,39684405,350),(35775774,48346739,396),(35775774,48964455,471),(35780213,6911634,318),(35780213,8670770,419),(35780213,39543957,384),(35780213,39827537,461),(35780213,48631902,316),(35780213,49047266,321),(35845996,6938963,359),(35845996,25458659,369),(35845996,39648211,310),(35845996,39845663,356),(35845996,48726494,355),(35845996,49119444,411),(36301193,7445901,315),(36301193,26496209,311),(36301193,39684405,399),(36301193,40204599,354),(36301193,48964455,448),(36301193,49226769,413),(36712333,8670770,428),(36712333,31125069,375),(36712333,39827537,320),(36712333,40220752,470),(36712333,49047266,378),(36712333,49267348,394),(37005055,25458659,432),(37005055,31288872,308),(37005055,39845663,476),(37005055,40275989,408),(37005055,49119444,411),(37005055,49650994,349),(37176500,26496209,333),(37176500,31294046,365),(37176500,40204599,432),(37176500,40276011,463),(37176500,49226769,457),(37176500,49693345,312),(37299285,31125069,375),(37299285,31299289,398),(37299285,40220752,369),(37299285,40276068,329),(37299285,49267348,380),(37299285,49817430,354),(37934595,31288872,437),(37934595,31324877,467),(37934595,40275989,410),(37934595,40276077,427),(37934595,49650994,360),(37934595,49860049,318),(37949789,31294046,441),(37949789,31508759,487),(37949789,40276011,494),(37949789,40448251,357),(37949789,49693345,301),(37949789,49953830,342),(38277941,31299289,323),(38277941,31540074,415),(38277941,40276068,303),(38277941,40455682,435),(38277941,49817430,387),(38277941,50041873,371),(38496372,31324877,377),(38496372,31541857,439),(38496372,40276077,348),(38496372,40594443,486),(38496372,49860049,404),(38496372,50059355,333),(39036915,31508759,312),(39036915,31546667,483),(39036915,40448251,487),(39036915,40736994,450),(39036915,49953830,401),(39036915,50116869,302),(39049980,31540074,345),(39049980,31560347,443),(39049980,40455682,471),(39049980,40760526,407),(39049980,50041873,458),(39049980,50147514,306),(39050110,31541857,426),(39050110,31573900,426),(39050110,40594443,391),(39050110,40946466,348),(39050110,50059355,467),(39050110,50231451,451),(39833031,31546667,439),(39833031,31614416,447),(39833031,40736994,335),(39833031,41144281,456),(39833031,50116869,468),(39833031,50350530,373),(40316430,31560347,473),(40316430,31715598,420),(40316430,40760526,382),(40316430,41313598,414),(40316430,50147514,471),(40316430,50390402,372),(41200372,31573900,309),(41200372,31720319,318),(41200372,40946466,491),(41200372,41381269,330),(41200372,50231451,391),(41200372,50416775,439),(41229923,31614416,491),(41229923,31780330,392),(41229923,41144281,427),(41229923,41475073,431),(41229923,50350530,327),(41229923,50436075,330),(41775797,31715598,486),(41775797,31884711,305),(41775797,41313598,327),(41775797,41727481,456),(41775797,50390402,460),(41775797,50462654,445),(42055134,31720319,303),(42055134,31928645,378),(42055134,41381269,484),(42055134,41771898,317),(42055134,50416775,448),(42055134,50596116,305),(42339717,31780330,481),(42339717,31978880,309),(42339717,41475073,493),(42339717,41882886,350),(42339717,50436075,438),(42339717,50601765,479),(42451890,31884711,365),(42451890,32099744,314),(42451890,41727481,391),(42451890,41883914,421),(42451890,50462654,315),(42451890,50615765,343),(42468814,31928645,466),(42468814,32128322,457),(42468814,41771898,448),(42468814,42114320,497),(42468814,50596116,495),(42468814,50784707,316),(42473921,31978880,444),(42473921,32229707,429),(42473921,41882886,469),(42473921,42244011,380),(42473921,50601765,454),(42473921,50803208,310),(42766304,32099744,314),(42766304,32242274,308),(42766304,41883914,446),(42766304,42383131,358),(42766304,50615765,438),(42766304,50836009,457),(43909995,32128322,393),(43909995,32251825,481),(43909995,42114320,366),(43909995,42402177,366),(43909995,50784707,363),(43909995,50891208,396),(44065814,32229707,406),(44065814,32282126,311),(44065814,42244011,492),(44065814,42478659,333),(44065814,50803208,481),(44065814,50935511,382),(44280379,32242274,331),(44280379,32356464,434),(44280379,42383131,436),(44280379,42522846,407),(44280379,50836009,461),(44280379,51030750,373),(44334989,32251825,391),(44334989,32397777,404),(44334989,42402177,381),(44334989,42723219,477),(44334989,50891208,438),(44334989,51034595,321),(44834239,32282126,394),(44834239,32418640,354),(44834239,42478659,323),(44834239,42780162,421),(44834239,50935511,379),(44834239,51042056,405),(45284165,32356464,493),(45284165,32556376,351),(45284165,42522846,316),(45284165,42887442,428),(45284165,51030750,410),(45284165,51183379,499),(46049093,32397777,411),(46049093,32570198,413),(46049093,42723219,322),(46049093,43279538,401),(46049093,51034595,407),(46049093,51304424,439),(46156185,32418640,348),(46156185,32586402,455),(46156185,42780162,328),(46156185,43314126,364),(46156185,51042056,411),(46156185,51605574,308),(46163491,32556376,495),(46163491,32613496,414),(46163491,42887442,338),(46163491,43332848,380),(46163491,51183379,473),(46163491,51744192,324),(46431806,32570198,381),(46431806,32792042,459),(46431806,43279538,486),(46431806,43357885,420),(46431806,51304424,485),(46431806,51821712,356),(46469415,32586402,317),(46469415,32942036,386),(46469415,43314126,405),(46469415,43482185,461),(46469415,51605574,395),(46469415,51840644,366),(46471082,32613496,304),(46471082,33028204,385),(46471082,43332848,388),(46471082,43518444,403),(46471082,51744192,462),(46471082,51881932,454),(46473123,32792042,437),(46473123,33028936,443),(46473123,43357885,367),(46473123,43524799,471),(46473123,51821712,446),(46473123,51887498,409),(46484509,32942036,307),(46484509,33109072,480),(46484509,43482185,469),(46484509,43812675,314),(46484509,51840644,321),(46484509,51981259,475),(46514441,33028204,493),(46514441,33218001,311),(46514441,43518444,431),(46514441,43864288,317),(46514441,51881932,408),(46514441,52199862,301),(46958801,33028936,431),(46958801,33276794,448),(46958801,43524799,464),(46958801,43864701,385),(46958801,51887498,466),(46958801,52238545,384),(47138490,33109072,391),(47138490,33354168,470),(47138490,43812675,314),(47138490,43888529,444),(47138490,51981259,432),(47138490,52403341,415),(47309624,33218001,403),(47309624,33506465,345),(47309624,43864288,451),(47309624,43902407,410),(47309624,52199862,386),(47309624,52784074,415),(47325027,33276794,310),(47325027,33712748,473),(47325027,43864701,317),(47325027,44076001,458),(47325027,52238545,406),(47325027,52924977,367),(48064796,33354168,381),(48064796,33739394,381),(48064796,43888529,331),(48064796,44146315,358),(48064796,52403341,390),(48064796,53035093,394),(48470958,33506465,416),(48470958,33781223,368),(48470958,43902407,303),(48470958,44167642,481),(48470958,52784074,366),(48470958,53560311,493),(48489311,33712748,349),(48489311,33855676,453),(48489311,44076001,413),(48489311,44263141,351),(48489311,52924977,340),(48489311,53610850,304),(48980499,33739394,455),(48980499,33875067,417),(48980499,44146315,307),(48980499,44267470,385),(48980499,53035093,344),(48980499,53669665,472),(49630862,33781223,362),(49630862,33914921,376),(49630862,44167642,487),(49630862,44289413,386),(49630862,53560311,438),(49630862,54592777,414),(49637673,33855676,416),(49637673,33966228,479),(49637673,44263141,448),(49637673,44471280,478),(49637673,53610850,369),(49637673,55445659,323),(49709964,75827,329),(49709964,33875067,438),(49709964,34035848,498),(49709964,44267470,396),(49709964,44746811,303),(49709964,53669665,351),(49722958,86003,360),(49722958,33914921,376),(49722958,34081119,417),(49722958,44289413,421),(49722958,44747002,355),(49722958,54592777,479),(50114788,232285,358),(50114788,33966228,402),(50114788,34366102,488),(50114788,44471280,394),(50114788,44749980,482),(50114788,55445659,455),(50164549,75827,476),(50164549,339429,436),(50164549,34035848,346),(50164549,34373617,344),(50164549,44746811,475),(50164549,44752779,414),(50376699,86003,362),(50376699,458885,463),(50376699,34081119,493),(50376699,34407849,357),(50376699,44747002,385),(50376699,44767226,408),(50416301,232285,449),(50416301,926270,440),(50416301,34366102,320),(50416301,34441398,457),(50416301,44749980,451),(50416301,44767258,332);
/*!40000 ALTER TABLE `productiondetails` ENABLE KEYS */;
UNLOCK TABLES;

--
-- Table structure for table `productionunit`
--

DROP TABLE IF EXISTS `productionunit`;
/*!40101 SET @saved_cs_client     = @@character_set_client */;
/*!50503 SET character_set_client = utf8mb4 */;
CREATE TABLE `productionunit` (
  `production_id` int NOT NULL AUTO_INCREMENT,
  `productionName` varchar(45) DEFAULT NULL,
  `unitsProduced` int DEFAULT NULL,
  `productionStreetAddress` varchar(55) DEFAULT NULL,
  `productionZipCode` varchar(45) DEFAULT NULL,
  `productionCity` varchar(45) DEFAULT NULL,
  PRIMARY KEY (`production_id`)
) ENGINE=InnoDB AUTO_INCREMENT=50416302 DEFAULT CHARSET=utf8mb4 COLLATE=utf8mb4_0900_ai_ci;
/*!40101 SET character_set_client = @saved_cs_client */;

--
-- Dumping data for table `productionunit`
--

LOCK TABLES `productionunit` WRITE;
/*!40000 ALTER TABLE `productionunit` DISABLE KEYS */;
INSERT INTO `productionunit` VALUES (735423,'Schmitt LLC',34,'P.O. Box 177, 4400 Ut Rd.','59219','Saint Louis'),(976889,'Maggio, Langosh and Crist',451,'632-8381 Aenean Av.','30903','Frankfort'),(1767704,'Bogan, Weber and Turcotte',383,'Ap #922-7205 A, St.','86251','Naperville'),(2079962,'Hudson Inc',659,'Ap #541-9953 Iaculis, Rd.','44346','Columbia'),(2184641,'O\'Hara, Mann and Jast',702,'P.O. Box 205, 9915 Nunc St.','80101','Oklahoma City'),(2422579,'Zulauf LLC',684,'7905 Nulla St.','71924','Tuscaloosa'),(2499936,'Hyatt-Senger',103,'432-3680 Ornare, Av.','42381','Springfield'),(3061178,'Bosco-Mertz',915,'179-7643 Egestas Ave','84506','Lincoln'),(3453136,'Jenkins, Morissette and Padberg',293,'P.O. Box 443, 2260 Ac, Ave','13124','Birmingham'),(3458806,'Zemlak, Harris and Ernser',789,'Ap #319-8548 Aenean Street','80717','Saint Paul'),(3464223,'Larkin-Marvin',937,'P.O. Box 424, 4737 Tempor Road','74120','Fort Worth'),(4387006,'Rosenbaum, Batz and Lang',431,'Ap #805-2100 Magna. Rd.','92402','Great Falls'),(4524965,'Feil-Stiedemann',96,'Ap #224-1933 Proin Rd.','40335','Boise'),(4689247,'Hartmann-Gulgowski',210,'P.O. Box 879, 5432 Duis Ave','84466','Birmingham'),(4915292,'Walker-Collins',375,'347-3349 Curabitur Road','71485','Cedar Rapids'),(5900331,'Kiehn LLC',223,'351 Nulla Ave','68832','Tampa'),(6349963,'Goyette, Johnson and Mann',290,'P.O. Box 476, 6423 Ligula. Avenue','41513','Mobile'),(6395620,'Price, Tremblay and Hegmann',84,'Ap #313-1552 Tellus. Avenue','51938','Birmingham'),(6585371,'Feest LLC',355,'Ap #611-7402 Quis Av.','60655','Hilo'),(6786412,'Frami-Abernathy',527,'Ap #963-1164 Dolor. Ave','21856','Grand Rapids'),(6873700,'Hessel, Stroman and Rolfson',498,'364-5433 Lacinia St.','41665','Casper'),(6953567,'Dibbert and Sons',778,'403-9188 Augue Ave','32824','Houston'),(9386247,'Keebler Inc',600,'P.O. Box 993, 8724 Mauris Avenue','11638','Hilo'),(12475609,'Torphy Inc',215,'Ap #253-1699 Dictum St.','24470','Lewiston'),(31140186,'Hettinger Group',479,'P.O. Box 492, 9790 Congue, St.','25224','San Francisco'),(31233639,'Kuhn-Kshlerin',210,'9610 Non Street','68635','Knoxville'),(31257195,'Altenwerth-Roob',20,'2105 Mauris Ave','62759','Racine'),(32194799,'Homenick Inc',103,'Ap #615-3910 Duis Rd.','32652','Virginia Beach'),(32246733,'Ortiz, Little and Fisher',525,'141-8369 Magna. St.','46663','Hattiesburg'),(32741650,'Kreiger, Okuneva and Bahringer',80,'Ap #701-9499 Fusce St.','55637','Stamford'),(33876261,'Romaguera-Stokes',470,'400-8305 Lectus Avenue','99938','Anchorage'),(34005173,'Bradtke and Sons',885,'6351 Nunc St.','71351','Chicago'),(34006985,'Connelly Inc',144,'3283 Non, Ave','38505','Birmingham'),(34032302,'Barrows-McGlynn',327,'773-4731 Lorem St.','94026','Warren'),(34179525,'Gislason Inc',391,'Ap #243-3069 Purus. Ave','73886','Des Moines'),(34197896,'Toy-Beahan',12,'9558 Tortor. St.','72730','Fort Smith'),(34416570,'Hayes LLC',403,'Ap #486-3565 Est. Road','64596','Tuscaloosa'),(34476213,'Leannon Group',636,'759-2129 Ligula St.','71375','South Bend'),(34536122,'Schneider, Weissnat and Quitzon',124,'Ap #913-8995 At St.','31121','Pocatello'),(34804524,'Hickle, Waters and Senger',774,'Ap #519-2078 Vel, St.','62688','Tacoma'),(35037268,'Hilll-Terry',884,'P.O. Box 486, 1074 Litora St.','36547','Aurora'),(35134963,'Thompson, Shanahan and Paucek',106,'P.O. Box 740, 8334 Class Av.','87333','West Valley City'),(35228053,'Marquardt Group',709,'Ap #217-7137 Pellentesque. St.','43815','Gillette'),(35775774,'Herzog-Ferry',760,'Ap #299-1408 Et St.','52991','Tampa'),(35780213,'Beier, Terry and Buckridge',378,'985-6493 Lorem, Avenue','37545','New Orleans'),(35845996,'Monahan Inc',627,'428-6832 Nec St.','98904','Bellevue'),(36301193,'Metz LLC',221,'P.O. Box 717, 4453 Nonummy Ave','44088','Tucson'),(36712333,'Schimmel, Willms and Pfannerstill',291,'963-1256 Integer St.','51158','North Las Vegas'),(37005055,'Quitzon-Miller',533,'P.O. Box 831, 150 Cras St.','93865','Paradise'),(37176500,'Schulist-Hammes',3,'504-7826 Eget, Rd.','25751','Frankfort'),(37299285,'Dare-Ratke',449,'Ap #261-1257 Luctus Rd.','38219','Birmingham'),(37934595,'Lynch Inc',247,'Ap #259-6909 Feugiat Road','68267','Kearney'),(37949789,'Jerde LLC',702,'Ap #870-5793 Eu St.','78581','College'),(38277941,'Bernier and Sons',341,'578-9607 Turpis. Rd.','91443','Iowa City'),(38496372,'Schuster-Wolff',925,'878-3162 Convallis, Av.','57138','Kearney'),(39036915,'Zulauf-Gulgowski',299,'941-6929 Libero. Av.','35557','Lansing'),(39049980,'Swift, Orn and Huels',603,'188-7794 Ullamcorper Rd.','51605','Mobile'),(39050110,'Torphy-Wiegand',489,'953-424 Adipiscing St.','49762','Bloomington'),(39833031,'Abbott and Sons',768,'250-1536 Nunc St.','88158','Olathe'),(40316430,'Goodwin, Ondricka and Crona',252,'P.O. Box 278, 2727 Dui. Rd.','75528','South Burlington'),(41200372,'Runolfsdottir-Brown',152,'4006 Aenean Ave','35374','Aurora'),(41229923,'O\'Keefe-Wehner',515,'P.O. Box 194, 6626 Amet, Rd.','60268','Kapolei'),(41775797,'Anderson-Carroll',269,'177-5960 Euismod St.','45511','Mesa'),(42055134,'Hayes, Bauch and Farrell',790,'Ap #447-7670 Phasellus Rd.','94687','Mobile'),(42339717,'Ratke-Sanford',659,'Ap #257-8951 Suspendisse St.','18850','Reno'),(42451890,'Lockman Group',958,'Ap #427-2285 Orci Ave','95283','Cambridge'),(42468814,'Crooks-Zboncak',405,'664-370 Luctus Road','38337','Dover'),(42473921,'Hoeger, Jacobson and Pfannerstill',956,'138-6381 Pede. Road','32681','Henderson'),(42766304,'Boyle, Rice and Bode',124,'P.O. Box 543, 9733 Egestas St.','53365','Sacramento'),(43909995,'Hagenes-Kshlerin',948,'Ap #276-7413 Fringilla Road','66214','Boise'),(44065814,'Dibbert, Conroy and Schultz',623,'352-1754 Vitae, Street','30305','Lincoln'),(44280379,'Gerlach-Pagac',840,'Ap #790-6567 Ut St.','82774','Lexington'),(44334989,'Marquardt-Beer',763,'704-3746 Ut, Road','99691','Frankfort'),(44834239,'Spinka, Schuppe and Jacobs',448,'278-5532 Tellus Av.','22495','Memphis'),(45284165,'Mueller-Thiel',809,'313-7209 Nec Avenue','36515','Montpelier'),(46049093,'Harvey-Paucek',569,'9140 Pellentesque St.','99925','Virginia Beach'),(46156185,'Beier Inc',633,'P.O. Box 152, 7528 Est St.','67316','Bellevue'),(46163491,'Kozey-Tromp',757,'748-3562 Arcu Rd.','85394','Racine'),(46431806,'Lehner-Lehner',632,'142-4398 Metus Rd.','45348','Chandler'),(46469415,'Blanda, Keeling and Zboncak',747,'986-1632 Diam St.','72548','Worcester'),(46471082,'Powlowski-Murray',767,'2038 Mauris Street','35717','Pike Creek'),(46473123,'Wuckert Group',852,'P.O. Box 651, 2732 Vitae Ave','33645','Saint Louis'),(46484509,'Abbott-Rohan',150,'Ap #489-7997 Sapien. Av.','15416','Olathe'),(46514441,'Johnston, Ortiz and Rice',796,'828-322 Nulla. Road','75823','Provo'),(46958801,'Grady Inc',712,'Ap #937-6395 Orci Street','36685','St. Petersburg'),(47138490,'Gleason-Wiegand',589,'261-5688 Pharetra St.','65826','Minneapolis'),(47309624,'Mann Group',136,'P.O. Box 173, 4646 Aliquam St.','86098','College'),(47325027,'Botsford-Dickinson',853,'P.O. Box 909, 8348 Orci. Road','91275','Gary'),(48064796,'Gibson, Bergstrom and Considine',822,'Ap #815-297 Nascetur Road','25566','Henderson'),(48470958,'Cormier Inc',555,'Ap #607-5387 Laoreet Rd.','56731','Missoula'),(48489311,'Lindgren and Sons',919,'3415 Ornare St.','85992','Atlanta'),(48980499,'Lesch, Lockman and Fisher',99,'256-5205 Arcu. Road','46255','Augusta'),(49630862,'Kuphal-Muller',42,'Ap #825-8630 Lobortis Rd.','62463','Colchester'),(49637673,'Moen, Schuppe and Hane',902,'Ap #486-1192 Tortor. Ave','30739','Sacramento'),(49709964,'Franecki-Gorczany',285,'9583 Quam Ave','85168','Clarksville'),(49722958,'Pacocha-Hansen',72,'914-4212 Lorem, Road','33470','San Diego'),(50114788,'Nicolas, Torp and Hagenes',906,'Ap #347-3889 Elit, Ave','35641','Colchester'),(50164549,'Price, Yost and Kulas',360,'P.O. Box 755, 2002 Malesuada Rd.','81675','Naperville'),(50376699,'Kshlerin Group',807,'Ap #277-3821 Maecenas Street','48151','Chesapeake'),(50416301,'Stracke-Pagac',889,'Ap #513-6428 Libero Street','71705','Gillette');
/*!40000 ALTER TABLE `productionunit` ENABLE KEYS */;
UNLOCK TABLES;

--
-- Table structure for table `products`
--

DROP TABLE IF EXISTS `products`;
/*!40101 SET @saved_cs_client     = @@character_set_client */;
/*!50503 SET character_set_client = utf8mb4 */;
CREATE TABLE `products` (
  `product_id` int NOT NULL AUTO_INCREMENT,
  `productName` varchar(45) NOT NULL,
  `quantityAvailable` varchar(45) NOT NULL,
  `productPrice` varchar(20) NOT NULL,
  PRIMARY KEY (`product_id`)
) ENGINE=InnoDB AUTO_INCREMENT=55445660 DEFAULT CHARSET=utf8mb4 COLLATE=utf8mb4_0900_ai_ci;
/*!40101 SET character_set_client = @saved_cs_client */;

--
-- Dumping data for table `products`
--

LOCK TABLES `products` WRITE;
/*!40000 ALTER TABLE `products` DISABLE KEYS */;
INSERT INTO `products` VALUES (75827,'Diccilo FAIRYTALE','406','$49.99'),(86003,'Nike Clash M DD1225','320','$165.00'),(232285,'Nautica N8165','153','$138.00'),(339429,'Oakley SUTRO LITE OO9463','202','$184.00'),(458885,'Safilo Italy Linea 07','292','$250.00'),(926270,'Persol PO0649','64','$182.70'),(1068944,'Rag & Bone 1054/G/S','420','$382.80'),(1069267,'Guess GU50007-D Asian Fit 41531','148','$205.00'),(1069456,'Tom Ford FT5674-B 41058','466','$375.00'),(1069969,'Emozioni 4056','118','$89.99'),(1197926,'Polaroid Core Pld 6060/S','472','$72.60'),(1263722,'Persol PO2803S','127','$146.73'),(2129027,'Polo PH4125','468','$179.00'),(2174680,'Givenchy 0128','392','$435.00'),(2301364,'Guess GU2775-D Asian Fit 40212','169','$176.00'),(2565792,'Dragon Dr Finch ll','431','$79.99'),(2864832,'Versace VE1272','387','$283.00'),(2963490,'Original Penguin Eye The Jones Sun','407','$225.00'),(3058908,'Ray-Ban RX6536','175','$125.30'),(3125977,'Longchamp LO153S','275','$99.99'),(3177325,'Ray-Ban RX8766','220','$228.00'),(3213828,'Lacoste L2876','174','$138.00'),(3257032,'Giorgio Armani AR6114','490','$169.99'),(3549934,'Giorgio Armani AR8141','87','$147.56'),(3632762,'Biofinity Toric','342','$63.95'),(3714100,'Nike Show X3 Elite L E DJ5560','303','$205.00'),(3735903,'Bally BY5026-D Asian Fit 41420','413','$200.00'),(3937199,'Nike 8052','145','$190.00'),(4131698,'Ralph Lauren RL8166','256','$123.96'),(4451125,'Nike 8053','98','$190.00'),(4795856,'Nine West NW1096','471','$138.00'),(4915558,'Gucci GG0343O','387','$405.00'),(5941180,'Acuvue Oasys (12 Pack)','352','$67.95'),(5977588,'Burberry BE2325 AIDEN','373','$124.04'),(5995368,'Liberty Sport RS-50 [PPE]','326','$249.95'),(6102908,'Mcm 702S','482','$168.90'),(6194478,'Gucci GG0608OK','243','$480.00'),(6259159,'Longchamp LO694S','271','$149.00'),(6362696,'Adensco 231','135','$124.88'),(6531200,'Dragon DR7006','425','$198.00'),(6538172,'Montblanc MB0121O','26','$146.98'),(6568127,'Lacoste L869S','321','$215.00'),(6687642,'Marchonyc M-brookfield Mini','162','$98.00'),(6844409,'Havaianas Noronha/S','120','$58.30'),(6911634,'Viva VV8012 43503','398','$68.51'),(6938963,'Kate Spade Cailye','281','$221.25'),(7445901,'FreshLook One Day 10 Pack','43','$16.95'),(8670770,'Air Optix Night & Day Aqua','354','$62.95'),(25458659,'Bally BY5012-D Asian Fit 40078','197','$235.00'),(26496209,'Levi\'s Lv 1006','88','$147.50'),(31125069,'Safilo Italy Linea 05','123','$250.00'),(31288872,'Emilio Pucci EP5134 39620','10','$230.00'),(31294046,'Prada PR 05YS','107','$221.45'),(31299289,'Gucci GG0903SA ASIAN FIT','27','$550.00'),(31324877,'Alexander Mcqueen AM0275S','240','$385.00'),(31508759,'Persol PO2488S','377','$211.93'),(31540074,'Versace VE3320U','368','$310.00'),(31541857,'Juicy Couture Juicy 214','196','$81.08'),(31546667,'Versace VE4369','346','$178.39'),(31560347,'Harley Davidson HD0142T 43351','88','$154.00'),(31573900,'Bvlgari BV4195BF Asian Fit','229','$453.00'),(31614416,'Tom Ford FT5542-B 35710','353','$400.00'),(31715598,'Air Optix Colors 2 Pack','179','$37.95'),(31720319,'Salvatore Ferragamo SF2891','309','$270.00'),(31780330,'Dragon Dr Mari ll','452','$79.99'),(31884711,'Balenciaga BB0104O','171','$405.00'),(31928645,'Diccilo BONDI','368','$49.99'),(31978880,'Calvin Klein Platinum CK21500','80','$138.00'),(32099744,'Tom Ford FT5667-B 41121','310','$460.00'),(32128322,'Candies CA0191 43356','11','$170.00'),(32229707,'Harley Davidson HD0143T 43355','16','$154.00'),(32242274,'Rag & Bone 3038/G','46','$296.25'),(32251825,'Flexon B2024','333','$278.00'),(32282126,'Oakley OX8169F ACTIVATE (A) Asian Fit','42','$137.20'),(32356464,'Modo 453','441','$149.99'),(32397777,'Guess GU2795 41595','395','$162.00'),(32418640,'Calvin Klein Platinum CK21700','177','$190.00'),(32556376,'Dolce & Gabbana DG4388','165','$178.39'),(32570198,'Gucci GG0821S','123','$550.00'),(32586402,'Gucci GG0683O','357','$505.00'),(32613496,'Bvlgari BV4192B','145','$482.00'),(32792042,'Gucci GG0768O','36','$285.00'),(32942036,'Saint Laurent SL 385','91','$340.00'),(33028204,'Spy Optic Alcatraz','426','$140.00'),(33028936,'Wiliwili CARNATION','21','$8.00'),(33109072,'Jimmy Choo 278','115','$310.00'),(33218001,'Dailies Total 1 (90 Pack)','442','$97.95'),(33276794,'Air Optix Plus Hydraglyde Multifocal','289','$83.95'),(33354168,'Versace VE2199 -','82','$178.39'),(33506465,'Ray-Ban RB3025 AVIATOR LARGE METAL','63','$112.70'),(33712748,'Coach HC8323U C6185','467','$202.00'),(33739394,'Acuvue Oasys for Astigmatism','154','$46.95'),(33781223,'Giorgio Armani AR7203','278','$293.00'),(33855676,'Kate Spade Briella','235','$220.00'),(33875067,'Salvatore Ferragamo SF1024S','367','$330.00'),(33914921,'Dailies AquaComfort Plus (90 Pack)','324','$59.95'),(33966228,'Jimmy Choo 273','405','$320.00'),(34035848,'Burberry BE2334 ELM','295','$266.00'),(34081119,'Gucci GG0890O','474','$199.99'),(34366102,'Guess By Marciano GM0754 10113','432','$99.99'),(34373617,'Swarovski SK5367 42209','120','$259.00'),(34407849,'Gucci GG0720OA ASIAN FIT','43','$405.00'),(34441398,'Modo 6543','92','$189.20'),(34525502,'Modo 6535','444','$189.20'),(34525548,'Levi\'s Lv 1005','426','$147.50'),(34631629,'Air Optix Hydraglyde for Astigmatism','164','$59.95'),(34642271,'Gucci GG0818SA ASIAN FIT','141','$338.91'),(34689678,'Modo 6534','370','$124.99'),(34743697,'Diccilo TORRANCE','194','$49.99'),(34859104,'Safilo Italy Linea/T 09','227','$290.00'),(34927870,'Burberry BE4326F AMELIA Asian Fit','281','$267.00'),(34944273,'Miu Miu MU 01WS','125','$348.00'),(34981913,'Nike Maverick Fierce M DJ0797','472','$175.00'),(35008370,'Vogue VO4227S','117','$54.77'),(35109012,'Mcm 2716','324','$158.00'),(35167685,'Nike Maverick S E DJ0789','1','$175.00'),(35191492,'Emporio Armani EA4158','62','$87.19'),(35420610,'Original Penguin The Falken Sun','111','$195.00'),(35504415,'Banana Republic Camila','114','$199.88'),(35505100,'Oakley OX3244 TAIL PIPE','467','$128.10'),(35545522,'Flairo U 214','2','$25.95'),(35607765,'Gucci GG0760OA ASIAN FIT','433','$495.00'),(35810906,'Versace VE1283','81','$310.00'),(36308101,'Giorgio Armani AR6115T','154','$513.00'),(36481470,'Dragon DR The Jam LL H2O Polar','206','$209.00'),(36803109,'Flexon J4006','484','$138.00'),(37078285,'Hugo Boss Hugo 1097','495','$66.99'),(37145767,'Revo Barclay','300','$124.99'),(37215955,'Dragon Dr The Remix ll','280','$145.00'),(37356069,'David Beckham Db 1027','141','$83.99'),(37621862,'Persol PO2486S','498','$179.34'),(37674279,'Vera Wang DREE','103','$273.00'),(37720451,'Lamb LA547','316','$171.90'),(37758603,'Givenchy 0134','1','$480.00'),(38195391,'Kate Spade Marnie','141','$221.25'),(38221381,'Boucheron BC0041S','16','$870.00'),(38270608,'Gucci GG0752O','96','$405.00'),(38656612,'Kate Spade Tana/G','64','$226.25'),(38950239,'Versace VE3242A Asian Fit','231','$310.00'),(38963117,'Nike Adrenaline 22 DV2372','326','$95.00'),(39024454,'Giorgio Armani AR8138','32','$347.00'),(39058017,'Biotrue ONEday (90 Pack)','483','$59.95'),(39359897,'Lacoste L2875','100','$138.00'),(39475547,'Acuvue 2','347','$29.95'),(39543957,'Liberty Sport Z8-Y80','44','$99.99'),(39648211,'CAZAL 9090','499','$550.00'),(39684405,'Dita AVEC DTX - 112','58','$453.03'),(39827537,'Gucci GG0737O','166','$435.00'),(39845663,'Claiborne 253','134','$176.25'),(40204599,'Bottega Veneta BV1029O','463','$345.00'),(40220752,'DIORSYMMETRIC','120','$515.90'),(40275989,'Diccilo HONOLUA','496','$49.99'),(40276011,'Chaps CP4003','193','$99.00'),(40276068,'Boucheron BC01JS','375','$940.00'),(40276077,'Kate Spade Raelynn','164','$211.25'),(40448251,'Gucci GG0716O','376','$405.00'),(40455682,'Fossil 7089','54','$170.00'),(40594443,'Gucci GG0759OA ASIAN FIT','212','$480.00'),(40736994,'Calvin Klein Platinum CK21502','161','$170.00'),(40760526,'Gucci GG0750O','406','$350.00'),(40946466,'Banana Republic Kayden/N','25','$199.88'),(41144281,'Mcm 2717','473','$170.00'),(41313598,'Gucci GG0730O','335','$505.00'),(41381269,'Airlock P-2006','128','$218.00'),(41475073,'EiYIN Lens Monthly','68','$11.95'),(41727481,'Airlock P-5006','32','$139.99'),(41771898,'Skechers SE2154 42406','115','$173.00'),(41882886,'Acuvue Oasys 1-Day (90 Pack)','188','$96.95'),(41883914,'David Beckham Db 1020','127','$191.25'),(42114320,'Calvin Klein Platinum CK21102','366','$170.00'),(42244011,'Dolce & Gabbana DG5076','77','$248.00'),(42383131,'David Beckham Db 1017','273','$191.25'),(42402177,'Bausch & Lomb ULTRA','114','$47.95'),(42478659,'Ray-Ban RB4318','163','$241.00'),(42522846,'Tory Burch TY7133U','141','$188.00'),(42723219,'Versace VE2140','444','$262.00'),(42780162,'Safilo Italy Linea 06','166','$134.99'),(42887442,'Tom Ford FT5712-B 419','8','$415.00'),(43279538,'Acuvue Oasys (6 Pack)','336','$34.95'),(43314126,'Oakley RADAR EV PATH OO9208','195','$157.50'),(43332848,'Calvin Klein Platinum CK21304','84','$158.00'),(43357885,'Tommy Hilfiger Th 1556/S','34','$117.70'),(43482185,'Dragon Dr Waverly ll','491','$155.00'),(43518444,'Kate Spade Carolina','199','$83.75'),(43524799,'Longchamp LO2674','95','$170.00'),(43812675,'Coach HC8260F L1072 Asian Fit','53','$165.00'),(43864288,'Burberry BE4327 DELILAH','134','$308.00'),(43864701,'Precision1 90 Pack','181','$77.95'),(43888529,'Lilly Pulitzer Pamina','235','$230.00'),(43902407,'Versace VE4296','384','$155.13'),(44076001,'Guess GU9191 41612','46','$59.25'),(44146315,'Tom Ford FT5662-B 41085','216','$375.00'),(44167642,'Tom Ford FT5671-F-B Asian Fit 41198','29','$375.00'),(44263141,'Prada PR 50YS','486','$503.00'),(44267470,'Versace VE1271','131','$256.00'),(44289413,'Lulu By Lulu Guinness Girls LK026','257','$119.90'),(44471280,'Gucci GG0469O','156','$495.00'),(44746811,'Airlock P-4005','361','$250.00'),(44747002,'1-Day Acuvue Moist (90 Pack)','136','$67.95'),(44749980,'Ralph Lauren RL5108','290','$229.00'),(44752779,'Air Optix Plus Hydraglyde','20','$42.95'),(44767226,'Liberty Sport ADVENTURE','405','$167.95'),(44767258,'David Beckham Db 1019','114','$191.25'),(46000191,'Biofinity','234','$42.95'),(46026447,'FreshLook Colorblends 2 Pack','430','$23.95'),(46040537,'Guess GU2792 41528','312','$175.50'),(46072637,'Versace VE3326U','128','$283.00'),(46106748,'Timberland TB1676 41764','4','$189.00'),(46130148,'Nike Show X3 E DJ2032','259','$199.00'),(46134461,'Liberty Sport RS-40','357','$249.95'),(46167279,'Gucci GG0749O','456','$285.00'),(46234841,'Kate Spade Arabel','384','$85.20'),(46264677,'Emozioni 4399','317','$88.99'),(46280444,'Skechers SE3230 36539','115','$157.00'),(46296421,'David Beckham Db 1022','173','$191.25'),(46315448,'Liz Claiborne 455','493','$181.25'),(46364529,'Mcm 2152','19','$210.00'),(46455283,'Fendi Ff M 0007/S','93','$476.30'),(46500920,'Hugo Boss Hugo 1099/S','98','$140.80'),(46651068,'Banana Republic Jace/N','259','$204.88'),(46675683,'Acuvue Vita 6 Pack','352','$49.95'),(46692673,'Gucci GG0766OA ASIAN FIT','32','$285.00'),(46858785,'Versace VE4424U','130','$372.00'),(46876805,'Emilio Pucci EP5150 40778','66','$265.00'),(46881033,'Acuvue Oasys (24 Pack)','96','$98.95'),(47007182,'Chopard SCHC28','453','$819.00'),(47019441,'Modo 463','221','$220.00'),(47047732,'Hugo Boss Hugo 1116','11','$87.50'),(47057070,'David Beckham Db 1045/S','66','$106.60'),(47108940,'Guess GU50002 41600','475','$162.00'),(47122587,'Gucci GG1010S','361','$405.00'),(47365687,'Banana Republic Cate/N','168','$199.88'),(47608896,'Valentino V109S','299','$326.00'),(47639646,'Gucci GG0038ON','292','$405.00'),(47880260,'Air Optix Colors 6 Pack','209','$89.95'),(47891714,'Tom Ford FT5644-D-B Asian Fit 38060','392','$540.00'),(47933392,'Gucci GG0637SK','73','$285.00'),(48018509,'Jimmy Choo 286/G','401','$360.00'),(48031618,'Gucci GG0738O','457','$435.00'),(48051805,'Guess GU2813 43974','240','$160.00'),(48093124,'Emozioni 4398','162','$205.00'),(48333960,'Rag & Bone Rnb 5012/S','82','$150.00'),(48339717,'Diccilo VARADERO','24','$19.00'),(48346739,'Coach HC8331 C6189','72','$110.12'),(48631902,'Gant GA4100 41832','209','$200.00'),(48726494,'Calvin Klein Platinum CK21303','347','$178.00'),(48964455,'Nike 5027','234','$110.00'),(49047266,'Tom Ford FT5619-B 38010','353','$360.00'),(49119444,'Tommy Hilfiger T. Hilfiger 1775','105','$163.75'),(49226769,'Gucci GG0836SK','230','$313.17'),(49267348,'Banana Republic Easton/N','176','$75.99'),(49650994,'Oakley OX8164 PORT BOW','39','$164.00'),(49693345,'Burberry BE4216','296','$157.21'),(49817430,'Exchange Armani AX4115SU','112','$91.00'),(49860049,'Ray-Ban RX5228','468','$124.60'),(49953830,'Prada PR 02YSF Asian Fit','239','$321.00'),(50041873,'Dolce & Gabbana DG4386F Asian Fit','150','$209.43'),(50059355,'Oakley OX8163 CENTERBOARD','88','$114.80'),(50116869,'Safilo Italy Linea/T 08','254','$290.00'),(50147514,'Liz Claiborne 655','1','$181.25'),(50231451,'Safilo Italy Registro 05','494','$350.00'),(50350530,'Hugo Boss Hugo 1119/S','459','$158.40'),(50390402,'Harley Davidson HD0826','210','$189.00'),(50416775,'Longchamp LO710S','5','$169.00'),(50436075,'Dragon DR Mari LL H2O Polar','73','$209.00'),(50462654,'Gucci GG0872S','461','$505.00'),(50596116,'Mcm 2153','490','$104.99'),(50601765,'Gucci GG0717O','339','$405.00'),(50615765,'Mcq MQ0079S','20','$139.00'),(50784707,'Bally BY5021 41074','19','$235.00'),(50803208,'Longchamp LO686S','353','$175.00'),(50836009,'Salvatore Ferragamo SF1012S','419','$279.00'),(50891208,'Gucci GG0751O','297','$350.00'),(50935511,'Wiliwili LUNARIA','449','$36.00'),(51030750,'Safilo Italy Registro 03','337','$350.00'),(51034595,'Skaga SK2125 Zlatan','204','$238.00'),(51042056,'Versace VE4399','4','$317.00'),(51183379,'Gucci GG0718O','56','$435.00'),(51304424,'Givenchy 0127','207','$435.00'),(51605574,'Prada PR 06US HERITAGE','136','$340.00'),(51744192,'Banana Republic Otis/N','303','$204.88'),(51821712,'Oakley OO9417 HOLBROOK XL','219','$152.00'),(51840644,'Tom Ford FT5616-B 37987','324','$340.00'),(51881932,'Swarovski SK5386-H 42945','192','$278.00'),(51887498,'Safilo Italy Profilo 03','270','$290.00'),(51981259,'Kenneth Cole Reaction KC0849 42031','455','$69.43'),(52199862,'Gucci GG0756OA','301','$435.00'),(52238545,'David Beckham Db 7020','423','$221.25'),(52403341,'Celine CL50007I','246','$380.00'),(52784074,'Diccilo PALM','408','$49.99'),(52924977,'Tommy Hilfiger T. Hilfiger 1771','442','$181.25'),(53035093,'Salvatore Ferragamo SF265S','363','$345.00'),(53560311,'Nike Maverick S DJ0790','111','$155.00'),(53610850,'Chesterfield 80XL','258','$176.25'),(53669665,'Gucci GG0771OA ASIAN FIT','57','$285.00'),(54592777,'Gucci GG0830SK','500','$435.00'),(55445659,'Guess GU50017 44001','65','$176.00');
/*!40000 ALTER TABLE `products` ENABLE KEYS */;
UNLOCK TABLES;

--
-- Table structure for table `sales`
--

DROP TABLE IF EXISTS `sales`;
/*!40101 SET @saved_cs_client     = @@character_set_client */;
/*!50503 SET character_set_client = utf8mb4 */;
CREATE TABLE `sales` (
  `salesProductId` int NOT NULL,
  `salesQuantity` int NOT NULL,
  `salesZipcode` int NOT NULL,
  PRIMARY KEY (`salesProductId`,`salesZipcode`),
  CONSTRAINT `salesProductId` FOREIGN KEY (`salesProductId`) REFERENCES `products` (`product_id`)
) ENGINE=InnoDB DEFAULT CHARSET=utf8mb4 COLLATE=utf8mb4_0900_ai_ci;
/*!40101 SET character_set_client = @saved_cs_client */;

--
-- Dumping data for table `sales`
--

LOCK TABLES `sales` WRITE;
/*!40000 ALTER TABLE `sales` DISABLE KEYS */;
INSERT INTO `sales` VALUES (75827,80,55163),(75827,21,74853),(75827,177,76308),(86003,231,40936),(86003,161,52022),(86003,233,82149),(232285,77,66563),(232285,69,77743),(232285,224,83615),(339429,127,18603),(339429,132,22114),(339429,246,48184),(458885,276,24147),(458885,265,44434),(458885,18,62761),(926270,49,22186),(926270,220,35081),(926270,86,83285),(1068944,158,30872),(1068944,86,31518),(1069267,107,11142),(1069267,107,33238),(1069456,178,44707),(1069456,280,61784),(1069969,45,56619),(1069969,148,71712),(1197926,96,47122),(1197926,110,87667),(1263722,106,21536),(1263722,42,83533),(2129027,13,44679),(2129027,155,77486),(2174680,90,36207),(2174680,219,71273),(2301364,191,73358),(2301364,100,94673),(2565792,18,28206),(2565792,50,85535),(2864832,77,22365),(2864832,282,78151),(2963490,132,48839),(2963490,280,75349),(3058908,263,12197),(3058908,67,78425),(3125977,69,26428),(3125977,183,37562),(3177325,175,48331),(3177325,220,50871),(3213828,227,36868),(3213828,200,37856),(3257032,94,75156),(3257032,55,96412),(3549934,234,27708),(3549934,288,99397),(3632762,6,22558),(3632762,144,56333),(3714100,44,26243),(3714100,291,81488),(3735903,209,25315),(3735903,222,68327),(3937199,35,28253),(3937199,170,91648),(4131698,10,38764),(4131698,51,38931),(4451125,62,36570),(4451125,211,58037),(4795856,22,86524),(4795856,287,95864),(4915558,8,56346),(4915558,290,71508),(5941180,294,86663),(5941180,82,87184),(5977588,273,56120),(5977588,230,92851),(5995368,214,27896),(5995368,292,93483),(6102908,203,16351),(6102908,224,73745),(6194478,167,46009),(6194478,46,84227),(6259159,138,77757),(6259159,75,86930),(6362696,61,11441),(6362696,252,30116),(6531200,20,61175),(6531200,131,99771),(6538172,46,75626),(6538172,58,93827),(6568127,108,24243),(6568127,297,95460),(6687642,192,28026),(6687642,266,37345),(6844409,61,27767),(6844409,193,51754),(6911634,13,15713),(6911634,96,84764),(6938963,103,27447),(6938963,41,72784),(7445901,148,53467),(7445901,185,79061),(8670770,264,55163),(8670770,125,76308),(25458659,80,40936),(25458659,94,74853),(26496209,255,52022),(26496209,290,82149),(31125069,150,77743),(31125069,5,83615),(31288872,173,48184),(31288872,46,66563),(31294046,297,18603),(31294046,243,22114),(31299289,147,24147),(31299289,15,44434),(31324877,61,35081),(31324877,296,62761),(31508759,242,22186),(31508759,98,83285),(31540074,25,30872),(31540074,10,31518),(31541857,92,11142),(31541857,33,33238),(31546667,201,44707),(31546667,48,61784),(31560347,274,56619),(31560347,229,71712),(31573900,56,47122),(31573900,131,87667),(31614416,14,21536),(31614416,99,83533),(31715598,5,44679),(31715598,25,77486),(31720319,285,36207),(31720319,96,71273),(31780330,207,73358),(31780330,265,94673),(31884711,154,28206),(31884711,13,85535),(31928645,260,22365),(31928645,33,78151),(31978880,180,48839),(31978880,180,75349),(32099744,168,12197),(32099744,96,78425),(32128322,71,26428),(32128322,261,37562),(32229707,4,48331),(32229707,86,50871),(32242274,71,36868),(32242274,95,37856),(32251825,223,75156),(32251825,143,96412),(32282126,252,27708),(32282126,43,99397),(32356464,210,22558),(32356464,188,56333),(32397777,193,26243),(32397777,163,81488),(32418640,148,25315),(32418640,128,68327),(32556376,203,28253),(32556376,265,91648),(32570198,78,38764),(32570198,169,38931),(32586402,274,36570),(32586402,294,58037),(32613496,188,86524),(32613496,127,95864),(32792042,100,56346),(32792042,217,71508),(32942036,197,86663),(32942036,236,87184),(33028204,202,56120),(33028204,222,92851),(33028936,147,27896),(33028936,219,93483),(33109072,252,16351),(33109072,18,73745),(33218001,82,46009),(33218001,87,84227),(33276794,96,77757),(33276794,247,86930),(33354168,99,11441),(33354168,29,30116),(33506465,231,61175),(33506465,173,99771),(33712748,267,75626),(33712748,30,93827),(33739394,282,24243),(33739394,13,95460),(33781223,179,28026),(33781223,254,37345),(33855676,34,27767),(33855676,127,51754),(33875067,36,15713),(33875067,50,84764),(33914921,144,27447),(33914921,215,72784),(33966228,98,53467),(33966228,267,79061),(34035848,139,55163),(34035848,238,76308),(34081119,17,40936),(34081119,129,74853),(34366102,12,52022),(34366102,203,82149),(34373617,152,77743),(34373617,298,83615),(34407849,163,48184),(34407849,211,66563),(34441398,178,18603),(34441398,134,22114),(34525502,245,24147),(34525502,296,44434),(34525548,262,35081),(34525548,263,62761),(34631629,90,22186),(34631629,16,83285),(34642271,288,30872),(34642271,137,31518),(34689678,127,11142),(34689678,171,33238),(34743697,36,44707),(34743697,226,61784),(34859104,5,56619),(34859104,297,71712),(34927870,228,47122),(34927870,42,87667),(34944273,235,21536),(34944273,274,83533),(34981913,294,44679),(34981913,289,77486),(35008370,119,36207),(35008370,148,71273),(35109012,121,73358),(35109012,240,94673),(35167685,154,28206),(35167685,96,85535),(35191492,35,22365),(35191492,98,78151),(35420610,194,48839),(35420610,188,75349),(35504415,219,12197),(35504415,231,78425),(35505100,28,26428),(35505100,131,37562),(35545522,256,48331),(35545522,143,50871),(35607765,153,36868),(35607765,215,37856),(35810906,291,75156),(35810906,230,96412),(36308101,81,27708),(36308101,238,99397),(36481470,112,22558),(36481470,54,56333),(36803109,120,26243),(36803109,89,81488),(37078285,126,25315),(37078285,168,68327),(37145767,36,28253),(37145767,284,91648),(37215955,219,38764),(37215955,186,38931),(37356069,67,36570),(37356069,22,58037),(37621862,173,86524),(37621862,258,95864),(37674279,203,56346),(37674279,249,71508),(37720451,194,86663),(37720451,56,87184),(37758603,236,56120),(37758603,191,92851),(38195391,217,27896),(38195391,256,93483),(38221381,178,16351),(38221381,27,73745),(38270608,26,46009),(38270608,175,84227),(38656612,296,77757),(38656612,281,86930),(38950239,259,11441),(38950239,164,30116),(38963117,140,61175),(38963117,99,99771),(39024454,179,75626),(39024454,292,93827),(39058017,235,24243),(39058017,248,95460),(39359897,145,28026),(39359897,64,37345),(39475547,253,27767),(39475547,102,51754),(39543957,12,15713),(39543957,74,84764),(39648211,97,27447),(39648211,114,72784),(39684405,26,53467),(39684405,37,79061),(39827537,119,55163),(39827537,253,76308),(39845663,288,40936),(39845663,171,74853),(40204599,199,52022),(40204599,156,82149),(40220752,195,77743),(40220752,132,83615),(40275989,43,48184),(40275989,120,66563),(40276011,92,18603),(40276011,121,22114),(40276068,280,24147),(40276068,23,44434),(40276077,27,35081),(40276077,164,62761),(40448251,57,22186),(40448251,198,83285),(40455682,129,30872),(40455682,244,31518),(40594443,265,11142),(40594443,24,33238),(40736994,240,44707),(40736994,122,61784),(40760526,14,56619),(40760526,126,71712),(40946466,169,47122),(40946466,153,87667),(41144281,112,21536),(41144281,182,83533),(41313598,28,44679),(41313598,145,77486),(41381269,110,36207),(41381269,149,71273),(41475073,281,73358),(41475073,225,94673),(41727481,61,28206),(41727481,298,85535),(41771898,150,22365),(41771898,88,78151),(41882886,25,48839),(41882886,243,75349),(41883914,223,12197),(41883914,103,78425),(42114320,251,26428),(42114320,99,37562),(42244011,277,48331),(42244011,168,50871),(42383131,183,36868),(42383131,145,37856),(42402177,126,75156),(42402177,56,96412),(42478659,248,27708),(42478659,38,99397),(42522846,191,22558),(42522846,137,56333),(42723219,214,26243),(42723219,72,81488),(42780162,116,25315),(42780162,237,68327),(42887442,48,28253),(42887442,61,91648),(43279538,279,38764),(43279538,287,38931),(43314126,152,36570),(43314126,95,58037),(43332848,187,86524),(43332848,140,95864),(43357885,196,56346),(43357885,245,71508),(43482185,28,86663),(43482185,227,87184),(43518444,281,56120),(43518444,243,92851),(43524799,159,27896),(43524799,67,93483),(43812675,173,16351),(43812675,90,73745),(43864288,202,46009),(43864288,212,84227),(43864701,53,77757),(43864701,77,86930),(43888529,213,11441),(43888529,247,30116),(43902407,19,61175),(43902407,296,99771),(44076001,157,75626),(44076001,215,93827),(44146315,13,24243),(44146315,224,95460),(44167642,54,28026),(44167642,77,37345),(44263141,279,27767),(44263141,51,51754),(44267470,2,15713),(44267470,287,84764),(44289413,177,27447),(44289413,31,72784),(44471280,265,53467),(44471280,111,79061),(44746811,189,55163),(44746811,182,76308),(44747002,241,40936),(44747002,247,74853),(44749980,255,52022),(44749980,202,82149),(44752779,46,77743),(44752779,7,83615),(44767226,18,48184),(44767226,202,66563),(44767258,244,18603),(44767258,116,22114),(46000191,29,24147),(46000191,195,44434),(46026447,121,35081),(46026447,35,62761),(46040537,250,22186),(46040537,103,83285),(46072637,223,30872),(46072637,55,31518),(46106748,270,11142),(46106748,91,33238),(46130148,205,44707),(46130148,162,61784),(46134461,112,56619),(46134461,109,71712),(46167279,95,47122),(46167279,157,87667),(46234841,48,21536),(46234841,134,83533),(46264677,253,44679),(46264677,114,77486),(46280444,144,36207),(46280444,87,71273),(46296421,193,73358),(46296421,32,94673),(46315448,17,28206),(46315448,215,85535),(46364529,156,22365),(46364529,106,78151),(46455283,174,48839),(46455283,32,75349),(46500920,162,12197),(46500920,77,78425),(46651068,256,26428),(46651068,102,37562),(46675683,200,48331),(46675683,90,50871),(46692673,279,36868),(46692673,147,37856),(46858785,290,75156),(46858785,166,96412),(46876805,131,27708),(46876805,281,99397),(46881033,41,22558),(46881033,168,56333),(47007182,58,26243),(47007182,185,81488),(47019441,221,25315),(47019441,204,68327),(47047732,248,28253),(47047732,278,91648),(47057070,232,38764),(47057070,174,38931),(47108940,181,36570),(47108940,269,58037),(47122587,173,86524),(47122587,275,95864),(47365687,290,56346),(47365687,133,71508),(47608896,252,86663),(47608896,105,87184),(47639646,147,56120),(47639646,176,92851),(47880260,29,27896),(47880260,4,93483),(47891714,55,16351),(47891714,98,73745),(47933392,121,46009),(47933392,206,84227),(48018509,36,77757),(48018509,146,86930),(48031618,18,11441),(48031618,159,30116),(48051805,236,61175),(48051805,118,99771),(48093124,123,75626),(48093124,197,93827),(48333960,155,24243),(48333960,204,95460),(48339717,123,28026),(48339717,297,37345),(48346739,98,27767),(48346739,260,51754),(48631902,117,15713),(48631902,87,84764),(48726494,69,27447),(48726494,258,72784),(48964455,14,53467),(48964455,189,79061),(49047266,298,55163),(49047266,50,76308),(49119444,21,40936),(49119444,101,74853),(49226769,215,52022),(49226769,110,82149),(49267348,129,77743),(49267348,158,83615),(49650994,98,48184),(49650994,198,66563),(49693345,1,18603),(49693345,178,22114),(49817430,134,24147),(49817430,48,44434),(49860049,115,35081),(49860049,214,62761),(49953830,160,22186),(49953830,93,83285),(50041873,65,30872),(50041873,178,31518),(50059355,290,11142),(50059355,253,33238),(50116869,141,44707),(50116869,144,61784),(50147514,101,56619),(50147514,34,71712),(50231451,136,47122),(50231451,161,87667),(50350530,242,21536),(50350530,97,83533),(50390402,105,44679),(50390402,158,77486),(50416775,16,36207),(50416775,24,71273),(50436075,274,73358),(50436075,249,94673),(50462654,142,28206),(50462654,54,85535),(50596116,91,22365),(50596116,285,78151),(50601765,188,48839),(50601765,52,75349),(50615765,42,12197),(50615765,31,78425),(50784707,177,26428),(50784707,112,37562),(50803208,258,48331),(50803208,85,50871),(50836009,158,36868),(50836009,106,37856),(50891208,292,75156),(50891208,134,96412),(50935511,11,27708),(50935511,272,99397),(51030750,66,22558),(51030750,196,56333),(51034595,32,26243),(51034595,176,81488),(51042056,134,25315),(51042056,96,68327),(51183379,37,28253),(51183379,271,91648),(51304424,140,38764),(51304424,133,38931),(51605574,152,36570),(51605574,245,58037),(51744192,110,86524),(51744192,278,95864),(51821712,33,56346),(51821712,163,71508),(51840644,134,86663),(51840644,271,87184),(51881932,212,56120),(51881932,4,92851),(51887498,273,27896),(51887498,14,93483),(51981259,179,16351),(51981259,234,73745),(52199862,4,46009),(52199862,47,84227),(52238545,7,77757),(52238545,95,86930),(52403341,153,11441),(52403341,202,30116),(52784074,140,61175),(52784074,196,99771),(52924977,110,75626),(52924977,62,93827),(53035093,74,24243),(53035093,123,95460),(53560311,47,28026),(53560311,58,37345),(53610850,234,27767),(53610850,28,51754),(53669665,167,15713),(53669665,114,84764),(54592777,111,27447),(54592777,250,72784),(55445659,203,53467),(55445659,261,79061);
/*!40000 ALTER TABLE `sales` ENABLE KEYS */;
UNLOCK TABLES;

--
-- Table structure for table `supplier`
--

DROP TABLE IF EXISTS `supplier`;
/*!40101 SET @saved_cs_client     = @@character_set_client */;
/*!50503 SET character_set_client = utf8mb4 */;
CREATE TABLE `supplier` (
  `warehouseId` int NOT NULL,
  `supllierProductId` int NOT NULL,
  `product_quantity` int NOT NULL,
  PRIMARY KEY (`warehouseId`,`supllierProductId`),
  KEY `productId_idx` (`supllierProductId`),
  CONSTRAINT `supplierProductId` FOREIGN KEY (`supllierProductId`) REFERENCES `products` (`product_id`),
  CONSTRAINT `warehouseId` FOREIGN KEY (`warehouseId`) REFERENCES `warehouse` (`warehouse_id`)
) ENGINE=InnoDB DEFAULT CHARSET=utf8mb4 COLLATE=utf8mb4_0900_ai_ci;
/*!40101 SET character_set_client = @saved_cs_client */;

--
-- Dumping data for table `supplier`
--

LOCK TABLES `supplier` WRITE;
/*!40000 ALTER TABLE `supplier` DISABLE KEYS */;
INSERT INTO `supplier` VALUES (2197765,75827,304),(2197765,339429,633),(2197765,34373617,343),(2197765,34525502,946),(2197765,44752779,862),(2197765,46000191,382),(2364132,86003,291),(2364132,458885,647),(2364132,34407849,24),(2364132,34525548,526),(2364132,44767226,407),(2364132,46026447,481),(2842220,232285,462),(2842220,926270,985),(2842220,34441398,52),(2842220,34631629,147),(2842220,44767258,604),(2842220,46040537,360),(3616454,339429,881),(3616454,1068944,658),(3616454,34525502,224),(3616454,34642271,212),(3616454,46000191,704),(3616454,46072637,463),(4094320,458885,539),(4094320,1069267,174),(4094320,34525548,326),(4094320,34689678,282),(4094320,46026447,344),(4094320,46106748,646),(4140455,926270,507),(4140455,1069456,953),(4140455,34631629,100),(4140455,34743697,50),(4140455,46040537,291),(4140455,46130148,674),(4188491,1068944,171),(4188491,1069969,765),(4188491,34642271,873),(4188491,34859104,637),(4188491,46072637,923),(4188491,46134461,955),(4221065,1069267,129),(4221065,1197926,52),(4221065,34689678,449),(4221065,34927870,234),(4221065,46106748,207),(4221065,46167279,521),(4360906,1069456,516),(4360906,1263722,685),(4360906,34743697,923),(4360906,34944273,199),(4360906,46130148,660),(4360906,46234841,233),(4483351,1069969,302),(4483351,2129027,482),(4483351,34859104,269),(4483351,34981913,674),(4483351,46134461,891),(4483351,46264677,463),(4524872,1197926,490),(4524872,2174680,181),(4524872,34927870,617),(4524872,35008370,908),(4524872,46167279,616),(4524872,46280444,727),(4583302,1263722,213),(4583302,2301364,325),(4583302,34944273,767),(4583302,35109012,359),(4583302,46234841,242),(4583302,46296421,16),(4930641,2129027,383),(4930641,2565792,101),(4930641,34981913,475),(4930641,35167685,394),(4930641,46264677,212),(4930641,46315448,198),(6367614,2174680,319),(6367614,2864832,490),(6367614,35008370,868),(6367614,35191492,78),(6367614,46280444,7),(6367614,46364529,604),(6471162,2301364,879),(6471162,2963490,250),(6471162,35109012,828),(6471162,35420610,649),(6471162,46296421,422),(6471162,46455283,93),(6624405,2565792,843),(6624405,3058908,886),(6624405,35167685,928),(6624405,35504415,937),(6624405,46315448,891),(6624405,46500920,873),(6677373,2864832,458),(6677373,3125977,893),(6677373,35191492,117),(6677373,35505100,800),(6677373,46364529,998),(6677373,46651068,570),(6806251,2963490,364),(6806251,3177325,500),(6806251,35420610,749),(6806251,35545522,996),(6806251,46455283,750),(6806251,46675683,746),(6896809,3058908,667),(6896809,3213828,921),(6896809,35504415,80),(6896809,35607765,349),(6896809,46500920,585),(6896809,46692673,477),(7066099,3125977,333),(7066099,3257032,268),(7066099,35505100,47),(7066099,35810906,68),(7066099,46651068,798),(7066099,46858785,464),(7115906,3177325,609),(7115906,3549934,749),(7115906,35545522,437),(7115906,36308101,502),(7115906,46675683,292),(7115906,46876805,972),(7587271,3213828,475),(7587271,3632762,59),(7587271,35607765,582),(7587271,36481470,751),(7587271,46692673,637),(7587271,46881033,635),(24832959,3257032,643),(24832959,3714100,586),(24832959,35810906,203),(24832959,36803109,166),(24832959,46858785,436),(24832959,47007182,582),(27116209,3549934,161),(27116209,3735903,869),(27116209,36308101,350),(27116209,37078285,292),(27116209,46876805,786),(27116209,47019441,210),(27784159,3632762,64),(27784159,3937199,605),(27784159,36481470,281),(27784159,37145767,916),(27784159,46881033,472),(27784159,47047732,103),(31077029,3714100,720),(31077029,4131698,949),(31077029,36803109,229),(31077029,37215955,89),(31077029,47007182,903),(31077029,47057070,775),(31131242,3735903,21),(31131242,4451125,699),(31131242,37078285,690),(31131242,37356069,633),(31131242,47019441,154),(31131242,47108940,936),(31180150,3937199,436),(31180150,4795856,710),(31180150,37145767,613),(31180150,37621862,803),(31180150,47047732,120),(31180150,47122587,210),(31274067,4131698,360),(31274067,4915558,233),(31274067,37215955,306),(31274067,37674279,679),(31274067,47057070,350),(31274067,47365687,675),(31355722,4451125,992),(31355722,5941180,116),(31355722,37356069,101),(31355722,37720451,867),(31355722,47108940,928),(31355722,47608896,980),(31511816,4795856,944),(31511816,5977588,126),(31511816,37621862,670),(31511816,37758603,988),(31511816,47122587,723),(31511816,47639646,734),(31705489,4915558,105),(31705489,5995368,828),(31705489,37674279,531),(31705489,38195391,92),(31705489,47365687,115),(31705489,47880260,918),(31718359,5941180,720),(31718359,6102908,686),(31718359,37720451,911),(31718359,38221381,940),(31718359,47608896,412),(31718359,47891714,362),(32320768,5977588,921),(32320768,6194478,216),(32320768,37758603,40),(32320768,38270608,382),(32320768,47639646,167),(32320768,47933392,487),(32410119,5995368,45),(32410119,6259159,987),(32410119,38195391,804),(32410119,38656612,952),(32410119,47880260,504),(32410119,48018509,718),(32647255,6102908,482),(32647255,6362696,657),(32647255,38221381,788),(32647255,38950239,348),(32647255,47891714,320),(32647255,48031618,835),(32687090,6194478,213),(32687090,6531200,27),(32687090,38270608,887),(32687090,38963117,306),(32687090,47933392,638),(32687090,48051805,436),(32870982,6259159,615),(32870982,6538172,621),(32870982,38656612,298),(32870982,39024454,659),(32870982,48018509,517),(32870982,48093124,400),(32960004,6362696,446),(32960004,6568127,790),(32960004,38950239,376),(32960004,39058017,439),(32960004,48031618,763),(32960004,48333960,952),(33048440,6531200,291),(33048440,6687642,88),(33048440,38963117,355),(33048440,39359897,799),(33048440,48051805,603),(33048440,48339717,696),(33400128,6538172,345),(33400128,6844409,426),(33400128,39024454,930),(33400128,39475547,710),(33400128,48093124,155),(33400128,48346739,783),(33458008,6568127,790),(33458008,6911634,124),(33458008,39058017,44),(33458008,39543957,514),(33458008,48333960,642),(33458008,48631902,135),(34145004,6687642,470),(34145004,6938963,213),(34145004,39359897,14),(34145004,39648211,80),(34145004,48339717,171),(34145004,48726494,473),(34162879,6844409,333),(34162879,7445901,79),(34162879,39475547,150),(34162879,39684405,134),(34162879,48346739,350),(34162879,48964455,392),(34318639,6911634,937),(34318639,8670770,46),(34318639,39543957,355),(34318639,39827537,863),(34318639,48631902,768),(34318639,49047266,412),(34732088,6938963,763),(34732088,25458659,78),(34732088,39648211,18),(34732088,39845663,551),(34732088,48726494,616),(34732088,49119444,864),(34926785,7445901,539),(34926785,26496209,37),(34926785,39684405,114),(34926785,40204599,438),(34926785,48964455,693),(34926785,49226769,593),(35127697,8670770,171),(35127697,31125069,166),(35127697,39827537,350),(35127697,40220752,826),(35127697,49047266,922),(35127697,49267348,574),(35177008,25458659,453),(35177008,31288872,655),(35177008,39845663,953),(35177008,40275989,504),(35177008,49119444,256),(35177008,49650994,195),(35403561,26496209,629),(35403561,31294046,147),(35403561,40204599,80),(35403561,40276011,693),(35403561,49226769,527),(35403561,49693345,527),(35505100,31125069,387),(35505100,31299289,273),(35505100,40220752,174),(35505100,40276068,511),(35505100,49267348,16),(35505100,49817430,744),(35564684,31288872,799),(35564684,31324877,673),(35564684,40275989,572),(35564684,40276077,887),(35564684,49650994,28),(35564684,49860049,914),(35664605,31294046,411),(35664605,31508759,911),(35664605,40276011,400),(35664605,40448251,696),(35664605,49693345,948),(35664605,49953830,823),(36255564,31299289,39),(36255564,31540074,49),(36255564,40276068,620),(36255564,40455682,718),(36255564,49817430,889),(36255564,50041873,22),(36796435,31324877,731),(36796435,31541857,752),(36796435,40276077,89),(36796435,40594443,283),(36796435,49860049,172),(36796435,50059355,684),(36971955,31508759,527),(36971955,31546667,213),(36971955,40448251,326),(36971955,40736994,755),(36971955,49953830,965),(36971955,50116869,949),(37044352,31540074,734),(37044352,31560347,28),(37044352,40455682,145),(37044352,40760526,455),(37044352,50041873,829),(37044352,50147514,126),(37279776,31541857,115),(37279776,31573900,236),(37279776,40594443,49),(37279776,40946466,814),(37279776,50059355,951),(37279776,50231451,265),(38074292,31546667,350),(38074292,31614416,740),(38074292,40736994,953),(38074292,41144281,964),(38074292,50116869,767),(38074292,50350530,898),(38578121,31560347,245),(38578121,31715598,84),(38578121,40760526,756),(38578121,41313598,244),(38578121,50147514,767),(38578121,50390402,273),(39050110,31573900,674),(39050110,31720319,471),(39050110,40946466,238),(39050110,41381269,220),(39050110,50231451,556),(39050110,50416775,21),(39577585,31614416,277),(39577585,31780330,340),(39577585,41144281,281),(39577585,41475073,749),(39577585,50350530,321),(39577585,50436075,907),(39795534,31715598,368),(39795534,31884711,491),(39795534,41313598,925),(39795534,41727481,705),(39795534,50390402,566),(39795534,50462654,642),(39809430,31720319,91),(39809430,31928645,564),(39809430,41381269,36),(39809430,41771898,937),(39809430,50416775,757),(39809430,50596116,55),(40164949,31780330,989),(40164949,31978880,204),(40164949,41475073,65),(40164949,41882886,1),(40164949,50436075,150),(40164949,50601765,103),(40275989,31884711,45),(40275989,32099744,595),(40275989,41727481,615),(40275989,41883914,900),(40275989,50462654,197),(40275989,50615765,571),(40315792,31928645,589),(40315792,32128322,163),(40315792,41771898,123),(40315792,42114320,876),(40315792,50596116,601),(40315792,50784707,607),(40454583,31978880,107),(40454583,32229707,596),(40454583,41882886,360),(40454583,42244011,590),(40454583,50601765,64),(40454583,50803208,993),(40536182,32099744,797),(40536182,32242274,781),(40536182,41883914,926),(40536182,42383131,507),(40536182,50615765,550),(40536182,50836009,39),(40997975,32128322,545),(40997975,32251825,357),(40997975,42114320,335),(40997975,42402177,298),(40997975,50784707,817),(40997975,50891208,911),(42042754,32229707,295),(42042754,32282126,120),(42042754,42244011,668),(42042754,42478659,990),(42042754,50803208,592),(42042754,50935511,204),(42196152,32242274,285),(42196152,32356464,668),(42196152,42383131,771),(42196152,42522846,705),(42196152,50836009,681),(42196152,51030750,578),(42371733,32251825,253),(42371733,32397777,401),(42371733,42402177,639),(42371733,42723219,801),(42371733,50891208,956),(42371733,51034595,754),(42409889,32282126,856),(42409889,32418640,30),(42409889,42478659,198),(42409889,42780162,765),(42409889,50935511,702),(42409889,51042056,904),(42671282,32356464,475),(42671282,32556376,690),(42671282,42522846,679),(42671282,42887442,529),(42671282,51030750,685),(42671282,51183379,409),(42714618,32397777,719),(42714618,32570198,997),(42714618,42723219,352),(42714618,43279538,973),(42714618,51034595,129),(42714618,51304424,897),(42748326,32418640,242),(42748326,32586402,520),(42748326,42780162,167),(42748326,43314126,492),(42748326,51042056,131),(42748326,51605574,72),(42913991,32556376,645),(42913991,32613496,38),(42913991,42887442,857),(42913991,43332848,760),(42913991,51183379,82),(42913991,51744192,364),(43338472,32570198,798),(43338472,32792042,641),(43338472,43279538,797),(43338472,43357885,415),(43338472,51304424,310),(43338472,51821712,335),(43406096,32586402,403),(43406096,32942036,925),(43406096,43314126,798),(43406096,43482185,893),(43406096,51605574,648),(43406096,51840644,600),(43435932,32613496,342),(43435932,33028204,885),(43435932,43332848,365),(43435932,43518444,830),(43435932,51744192,120),(43435932,51881932,728),(43737910,32792042,767),(43737910,33028936,496),(43737910,43357885,991),(43737910,43524799,972),(43737910,51821712,2),(43737910,51887498,129),(43761410,32942036,60),(43761410,33109072,770),(43761410,43482185,110),(43761410,43812675,548),(43761410,51840644,105),(43761410,51981259,53),(43808022,33028204,556),(43808022,33218001,466),(43808022,43518444,832),(43808022,43864288,594),(43808022,51881932,515),(43808022,52199862,834),(44032002,33028936,136),(44032002,33276794,821),(44032002,43524799,354),(44032002,43864701,139),(44032002,51887498,389),(44032002,52238545,174),(44388165,33109072,259),(44388165,33354168,744),(44388165,43812675,892),(44388165,43888529,640),(44388165,51981259,522),(44388165,52403341,596),(45293149,33218001,163),(45293149,33506465,6),(45293149,43864288,862),(45293149,43902407,547),(45293149,52199862,716),(45293149,52784074,657),(45733180,33276794,967),(45733180,33712748,684),(45733180,43864701,109),(45733180,44076001,923),(45733180,52238545,386),(45733180,52924977,478),(46086335,33354168,780),(46086335,33739394,812),(46086335,43888529,52),(46086335,44146315,727),(46086335,52403341,958),(46086335,53035093,21),(46283080,33506465,516),(46283080,33781223,794),(46283080,43902407,670),(46283080,44167642,144),(46283080,52784074,517),(46283080,53560311,416),(46722711,33712748,621),(46722711,33855676,996),(46722711,44076001,813),(46722711,44263141,277),(46722711,52924977,188),(46722711,53610850,296),(46951185,33739394,834),(46951185,33875067,872),(46951185,44146315,156),(46951185,44267470,636),(46951185,53035093,674),(46951185,53669665,602),(47592732,33781223,567),(47592732,33914921,434),(47592732,44167642,359),(47592732,44289413,175),(47592732,53560311,46),(47592732,54592777,957),(47864483,33855676,29),(47864483,33966228,135),(47864483,44263141,155),(47864483,44471280,889),(47864483,53610850,904),(47864483,55445659,780),(48398537,75827,7),(48398537,33875067,651),(48398537,34035848,432),(48398537,44267470,284),(48398537,44746811,274),(48398537,53669665,182),(49934567,86003,825),(49934567,33914921,414),(49934567,34081119,939),(49934567,44289413,508),(49934567,44747002,740),(49934567,54592777,833),(50428354,232285,93),(50428354,33966228,137),(50428354,34366102,26),(50428354,44471280,289),(50428354,44749980,359),(50428354,55445659,952),(50602114,75827,294),(50602114,339429,531),(50602114,34035848,175),(50602114,34373617,939),(50602114,44746811,557),(50602114,44752779,406),(50810963,86003,947),(50810963,458885,237),(50810963,34081119,868),(50810963,34407849,893),(50810963,44747002,170),(50810963,44767226,552),(51120477,232285,805),(51120477,926270,829),(51120477,34366102,558),(51120477,34441398,174),(51120477,44749980,622),(51120477,44767258,4);
/*!40000 ALTER TABLE `supplier` ENABLE KEYS */;
UNLOCK TABLES;

--
-- Table structure for table `warehouse`
--

DROP TABLE IF EXISTS `warehouse`;
/*!40101 SET @saved_cs_client     = @@character_set_client */;
/*!50503 SET character_set_client = utf8mb4 */;
CREATE TABLE `warehouse` (
  `warehouse_id` int NOT NULL AUTO_INCREMENT,
  `warehouseName` varchar(45) DEFAULT NULL,
  `warehouseContact` varchar(45) DEFAULT NULL,
  `warehouseStreetAddress` varchar(50) DEFAULT NULL,
  `warehouseZipcode` varchar(45) DEFAULT NULL,
  `warehouseCity` varchar(45) DEFAULT NULL,
  PRIMARY KEY (`warehouse_id`),
  UNIQUE KEY `warehouse_id_UNIQUE` (`warehouse_id`)
) ENGINE=InnoDB AUTO_INCREMENT=51120478 DEFAULT CHARSET=utf8mb4 COLLATE=utf8mb4_0900_ai_ci;
/*!40101 SET character_set_client = @saved_cs_client */;

--
-- Dumping data for table `warehouse`
--

LOCK TABLES `warehouse` WRITE;
/*!40000 ALTER TABLE `warehouse` DISABLE KEYS */;
INSERT INTO `warehouse` VALUES (2197765,'Thompson Inc','(239) 210-0634','P.O. Box 624, 3201 Neque. Rd.','61715','Flint'),(2364132,'Kertzmann, Gibson and Kozey','(801) 716-9291','9641 Leo. Rd.','82246','Fort Smith'),(2842220,'West and Sons','(963) 735-1723','3826 Nunc Av.','61114','Saint Louis'),(3616454,'Torphy-Lueilwitz','(466) 949-8068','P.O. Box 165, 7075 Id St.','43767','Kapolei'),(4094320,'Kuhic, Kiehn and Marquardt','(366) 365-7122','Ap #261-2553 Sed Avenue','63464','Kapolei'),(4140455,'Parker-Paucek','(211) 635-2207','Ap #382-5621 Mattis. Street','16564','Cheyenne'),(4188491,'Rath LLC','(517) 732-8208','199-7868 Morbi Street','14635','Idaho Falls'),(4221065,'Gerlach and Sons','(550) 167-1372','774-8506 Sem St.','48411','Harrisburg'),(4360906,'Deckow Group','(449) 529-0054','P.O. Box 259, 2537 Sagittis Rd.','38264','Rockford'),(4483351,'Padberg, Champlin and Bauch','(982) 479-4213','800-3661 Arcu Rd.','32828','Kansas City'),(4524872,'Lang-Predovic','(656) 452-2272','Ap #675-7079 Morbi Rd.','25693','Olympia'),(4583302,'Bashirian, Blanda and Goyette','(873) 424-8056','Ap #215-7900 Convallis Avenue','54448','Springfield'),(4930641,'Heathcote Inc','(743) 374-1387','199-6973 Congue, Avenue','81937','Covington'),(6367614,'Hyatt-Ledner','(335) 705-6162','778 Orci Av.','63067','Colorado Springs'),(6471162,'Schneider-Sporer','(268) 668-2719','831-7133 Eu Rd.','25720','Des Moines'),(6624405,'Batz and Sons','(374) 209-1433','Ap #441-4242 Mattis. Rd.','35375','Auburn'),(6677373,'Stokes, Hyatt and Skiles','(733) 345-4532','9471 Suscipit Rd.','63774','Rochester'),(6806251,'Friesen-Nader','(430) 800-7532','P.O. Box 193, 7278 Dapibus Rd.','75824','Hartford'),(6896809,'McDermott, Watsica and Weber','(637) 291-6586','624-1154 Bibendum Ave','78212','Honolulu'),(7066099,'Kessler, Cronin and Doyle','(446) 263-1615','Ap #949-3773 Lacus. St.','96068','Dallas'),(7115906,'Anderson, Schmidt and Keeling','(783) 767-1258','673-1822 Fermentum Rd.','44424','Phoenix'),(7587271,'Wolff-Feest','(633) 665-3904','P.O. Box 688, 2051 Lacinia Rd.','87013','Waterbury'),(24832959,'Weimann-Willms','(932) 867-7741','2530 Id Street','34515','Salt Lake City'),(27116209,'Harris, Ledner and Kerluke','(921) 385-6222','P.O. Box 670, 9601 Bibendum Av.','55877','Chattanooga'),(27784159,'Steuber Inc','(260) 228-4136','Ap #244-832 Donec St.','81179','Southaven'),(31077029,'Johnston, Stamm and Bernier','(328) 643-3352','Ap #345-2465 Lorem, Ave','31263','Las Vegas'),(31131242,'Huel, Nikolaus and Gusikowski','(585) 463-2953','548-131 Blandit. Avenue','11966','Vancouver'),(31180150,'Gerlach, Jacobs and Howe','(206) 436-7666','Ap #601-8796 Ornare Av.','71082','Newark'),(31274067,'Paucek LLC','(911) 283-4840','Ap #586-2573 Rutrum Street','66316','Hartford'),(31355722,'Murphy LLC','(192) 143-6783','Ap #852-830 Adipiscing Rd.','56622','Gresham'),(31511816,'Lemke Inc','(770) 786-8249','P.O. Box 377, 1880 Semper Av.','37187','Lawton'),(31705489,'O\'Hara Inc','(241) 297-7658','5360 Est. Rd.','71715','Baton Rouge'),(31718359,'Parisian-West','(101) 248-6644','232-7744 Phasellus Avenue','41553','Bear'),(32320768,'Hirthe, Zulauf and Corkery','(326) 264-3456','Ap #678-7020 In Avenue','79248','Houston'),(32410119,'Wisoky-Mosciski','(658) 458-1815','786-3891 Lobortis Ave','11736','Fort Wayne'),(32647255,'Stanton, Kunde and O\'Kon','(631) 813-4284','755-4185 Ut Rd.','76232','Olathe'),(32687090,'Rice-Altenwerth','(216) 426-6664','1839 Ultrices Street','36579','Hattiesburg'),(32870982,'Langworth Group','(223) 341-1447','927-2056 Dolor Avenue','44312','Lincoln'),(32960004,'Russel-Rutherford','(334) 996-1047','P.O. Box 271, 9417 Nulla Ave','43616','Evansville'),(33048440,'Rogahn, Hettinger and Larson','(683) 484-4802','550-372 Suspendisse Rd.','67287','Norman'),(33400128,'O\'Keefe-Bergstrom','(887) 511-6866','533-510 Fringilla Avenue','71392','Pittsburgh'),(33458008,'Wuckert, Wilderman and Lynch','(686) 673-6371','Ap #520-4664 Curabitur Rd.','85815','Racine'),(34145004,'Terry-McKenzie','(146) 732-6984','Ap #489-2943 Posuere Rd.','87853','Paradise'),(34162879,'O\'Hara, Thiel and Kassulke','(524) 753-1190','878-3775 Laoreet Rd.','99661','Glendale'),(34318639,'Morar-Lang','(547) 231-5678','439-5333 Sed Avenue','22277','Provo'),(34732088,'Gottlieb, Conroy and Schamberger','(187) 868-7766','8498 Ligula. St.','45525','Virginia Beach'),(34926785,'Nikolaus-Runolfsdottir','(369) 387-6718','2360 Tortor Rd.','92194','Springfield'),(35127697,'Swift-Stroman','(232) 275-8367','Ap #625-4436 Diam. Rd.','64755','Springfield'),(35177008,'Miller, Langosh and Hartmann','(645) 886-8254','P.O. Box 647, 7525 Semper Street','83461','Covington'),(35403561,'Schmeler, Heller and Kris','(492) 513-2142','P.O. Box 535, 8826 Velit Ave','72200','Virginia Beach'),(35505100,'Hilll-Johnson','(321) 416-6843','4581 Pulvinar Rd.','84155','Kansas City'),(35564684,'Rowe Group','(422) 218-4324','756-8732 Augue, Road','36338','Nampa'),(35664605,'Botsford-Mills','(153) 877-3433','Ap #397-2124 Ultrices. Ave','91194','Tampa'),(36255564,'Heidenreich LLC','(644) 356-5562','P.O. Box 390, 2575 Adipiscing Road','86113','Frederick'),(36796435,'Hegmann, Jerde and Tillman','(519) 832-6878','Ap #764-9565 Lobortis. St.','49188','Cheyenne'),(36971955,'Moen-Carter','(569) 665-5317','654-6952 Id Avenue','87844','Allentown'),(37044352,'Kreiger Group','(213) 312-7544','950-1824 Porttitor St.','99776','Erie'),(37279776,'Bruen, Sipes and Funk','(260) 636-0869','161-7715 A Ave','58811','Baton Rouge'),(38074292,'Flatley, Graham and Jast','(563) 358-9338','Ap #785-7755 Tempor Avenue','34060','Sioux City'),(38578121,'Kunde Group','(585) 471-7359','265-8834 Metus. Street','22168','Virginia Beach'),(39050110,'Fadel, Wunsch and Corkery','(802) 671-5554','234-6548 Nunc Rd.','88921','Bear'),(39577585,'Mosciski-Aufderhar','(405) 101-4588','4904 Primis Street','99919','Duluth'),(39795534,'Heaney and Sons','(765) 711-2894','628-3860 Fermentum Road','15558','Grand Rapids'),(39809430,'Roberts-Cormier','(853) 749-3921','3145 Risus. St.','12791','Fort Smith'),(40164949,'Denesik-Walter','(894) 526-6627','Ap #906-6188 Id Ave','26258','Chandler'),(40275989,'Block and Sons','(459) 222-8236','253-7984 Convallis Street','58046','Chandler'),(40315792,'Jenkins-Lueilwitz','(847) 930-6571','8343 Nunc St.','25542','Biloxi'),(40454583,'Lemke, Lubowitz and Oberbrunner','(186) 558-3181','P.O. Box 183, 3461 Morbi Av.','26136','Baltimore'),(40536182,'Berge and Sons','(415) 458-1961','748-1679 Velit Avenue','56725','Grand Rapids'),(40997975,'Lind LLC','(595) 416-7556','363-3439 Lorem Road','59326','Norman'),(42042754,'Zieme Group','(416) 832-5279','Ap #733-363 Pharetra. Rd.','26645','Cincinnati'),(42196152,'Bogan, Nicolas and Hahn','(411) 315-3421','589-2414 Interdum Rd.','72011','Honolulu'),(42371733,'Beahan, Sporer and Luettgen','(771) 487-3151','Ap #851-8529 Semper. St.','23525','Louisville'),(42409889,'Abernathy Group','(675) 364-7551','291-5440 Suspendisse Street','29152','Des Moines'),(42671282,'Langworth, Bernhard and Prohaska','(884) 705-8317','Ap #301-5701 Donec St.','64416','Carson City'),(42714618,'Prohaska-Kertzmann','(634) 565-6249','Ap #913-8397 Adipiscing. Street','23421','Boise'),(42748326,'Fritsch and Sons','(633) 118-3148','925-8790 Mauris Rd.','17521','Miami'),(42913991,'Kulas Group','(429) 710-6242','7767 Cras Street','91418','Olathe'),(43338472,'Quitzon, Hand and Brown','(212) 768-7708','411-2913 Magna, Rd.','71546','San Antonio'),(43406096,'Lind-Schroeder','(376) 932-9488','491-7073 Sed, Rd.','23742','Cincinnati'),(43435932,'Rempel, Rosenbaum and Ullrich','(266) 447-5385','Ap #225-4628 Aliquet St.','55861','Hillsboro'),(43737910,'Kulas, Haley and Reilly','(249) 485-3324','886-1622 Class Street','35577','College'),(43761410,'Murphy, Witting and Reichert','(641) 222-5065','8454 Sit Rd.','66834','Chandler'),(43808022,'Kunze Group','(226) 845-8917','3359 Ornare, Rd.','56466','San Jose'),(44032002,'Hoppe and Sons','(231) 446-1352','Ap #131-9337 Rutrum Rd.','85639','Salem'),(44388165,'Yundt Inc','(614) 418-5838','513-2779 Enim. St.','49549','Des Moines'),(45293149,'Hoeger, Yost and Hintz','(416) 480-4130','Ap #286-7360 Volutpat. Rd.','83686','Idaho Falls'),(45733180,'Runte-Bergnaum','(518) 545-1818','645-5366 Malesuada St.','28148','Huntsville'),(46086335,'Kiehn Inc','(759) 731-9018','6876 Ac Av.','65267','Metairie'),(46283080,'Abbott-Keebler','(773) 713-3824','Ap #746-1093 Id, Rd.','21267','Colchester'),(46722711,'Conn-Predovic','(129) 576-2466','5951 Tempus Road','36519','Salem'),(46951185,'Gutmann-Veum','(765) 760-4616','372-8817 Nibh St.','56571','Saint Paul'),(47592732,'Bahringer, Klein and Ritchie','(365) 540-3779','Ap #411-4091 Ac, Street','42736','Stamford'),(47864483,'Funk-Hermiston','(341) 781-0227','Ap #654-4366 Turpis Street','18317','Gary'),(48398537,'Schamberger, Davis and Monahan','(411) 493-7325','555-8426 Quis St.','34567','Wichita'),(49934567,'Nader, Metz and Ferry','(284) 243-7375','958-4670 Nunc Road','67127','Lewiston'),(50428354,'O\'Connell-Schowalter','(692) 836-1670','P.O. Box 428, 2369 Non Av.','86543','Kailua'),(50602114,'Cormier Inc','(693) 268-7514','P.O. Box 239, 8775 Ac, Rd.','51417','Nampa'),(50810963,'Koch-Altenwerth','(271) 356-1787','P.O. Box 453, 8255 Et Rd.','79684','Detroit'),(51120477,'Wiegand LLC','(273) 817-8452','214-7889 Volutpat Road','91751','Dover');
/*!40000 ALTER TABLE `warehouse` ENABLE KEYS */;
UNLOCK TABLES;
/*!40103 SET TIME_ZONE=@OLD_TIME_ZONE */;

/*!40101 SET SQL_MODE=@OLD_SQL_MODE */;
/*!40014 SET FOREIGN_KEY_CHECKS=@OLD_FOREIGN_KEY_CHECKS */;
/*!40014 SET UNIQUE_CHECKS=@OLD_UNIQUE_CHECKS */;
/*!40101 SET CHARACTER_SET_CLIENT=@OLD_CHARACTER_SET_CLIENT */;
/*!40101 SET CHARACTER_SET_RESULTS=@OLD_CHARACTER_SET_RESULTS */;
/*!40101 SET COLLATION_CONNECTION=@OLD_COLLATION_CONNECTION */;
/*!40111 SET SQL_NOTES=@OLD_SQL_NOTES */;

-- Dump completed on 2022-11-10 15:14:25
